Student_ID,Study_Hours_Per_Day,Extracurricular_Hours_Per_Day,Sleep_Hours_Per_Day,Social_Hours_Per_Day,Physical_Activity_Hours_Per_Day,GPA,Stress_Level,GPA_Quartile
1,6.9,3.8,8.7,2.8,1.8,2.99,Moderate,Q2
2,5.3,3.5,8.0,4.2,3.0,2.75,Low,Q1_lowest
3,5.1,3.9,9.2,1.2,4.6,2.67,Low,Q1_lowest
4,6.5,2.1,7.2,1.7,6.5,2.88,Moderate,Q1_lowest
5,8.1,0.6,6.5,2.2,6.6,3.51,High,Q4_highest
6,6.0,2.1,8.0,0.3,7.6,2.85,Moderate,Q1_lowest
7,8.0,0.7,5.3,5.7,4.3,3.08,High,Q2
8,8.4,1.8,5.6,3.0,5.2,3.2,High,Q3
9,5.2,3.6,6.3,4.0,4.9,2.82,Low,Q1_lowest
10,7.7,0.7,9.8,4.5,1.3,2.76,Moderate,Q1_lowest
11,9.7,3.6,8.0,2.5,0.2,3.43,High,Q4_highest
12,6.9,1.1,9.1,2.1,4.8,2.97,Moderate,Q2
13,6.4,2.2,5.7,4.8,4.9,2.82,High,Q1_lowest
14,5.0,3.3,8.5,4.4,2.8,2.87,Low,Q1_lowest
15,8.9,0.3,6.8,0.7,7.3,3.4,High,Q4_highest
16,6.7,0.3,6.6,2.0,8.4,3.2,Moderate,Q3
17,8.6,2.6,9.4,1.6,1.8,3.36,High,Q4_highest
18,8.8,2.2,8.9,2.0,2.1,3.19,High,Q3
19,7.6,1.7,5.1,0.6,9.0,3.16,High,Q3
20,6.6,2.0,9.5,1.5,4.4,2.93,Moderate,Q2
21,7.1,3.0,6.1,0.5,7.3,2.9,Moderate,Q1_lowest
22,9.6,3.2,8.2,2.6,0.4,3.34,High,Q4_highest
23,9.0,0.7,9.5,2.6,2.2,3.21,High,Q3
24,6.1,1.7,9.1,5.2,1.9,2.85,Moderate,Q1_lowest
25,5.0,2.0,7.1,1.3,8.6,2.68,Low,Q1_lowest
26,9.7,1.3,7.6,3.8,1.6,3.29,High,Q3
27,6.8,3.9,9.8,0.9,2.6,2.64,Moderate,Q1_lowest
28,6.4,0.1,8.0,3.0,6.5,2.95,Moderate,Q2
29,5.3,1.1,9.5,1.4,6.7,2.79,Low,Q1_lowest
30,9.9,1.0,8.4,3.6,1.1,3.25,High,Q3
31,6.2,2.9,6.8,3.8,4.3,3.05,Moderate,Q2
32,5.5,3.3,6.6,1.1,7.5,3.26,Low,Q3
33,5.2,2.4,8.4,0.1,7.9,2.47,Low,Q1_lowest
34,8.2,0.7,8.5,2.3,4.3,3.24,High,Q3
35,9.7,0.6,6.7,0.7,6.3,3.62,High,Q4_highest
36,9.1,2.2,7.6,1.2,3.9,3.12,High,Q3
37,5.5,3.6,9.5,3.4,2.0,2.58,Low,Q1_lowest
38,8.6,3.6,9.4,1.9,0.5,3.03,High,Q2
39,8.2,0.3,5.8,5.4,4.3,3.29,High,Q3
40,5.0,0.6,7.7,4.2,6.5,2.61,Low,Q1_lowest
41,8.3,0.9,8.6,1.4,4.8,3.48,High,Q4_highest
42,8.2,3.4,8.3,2.3,1.8,3.07,High,Q2
43,5.5,1.5,6.3,1.5,9.2,2.81,Low,Q1_lowest
44,9.5,2.5,9.0,1.5,1.5,3.49,High,Q4_highest
45,7.9,2.0,6.0,4.3,3.8,2.97,Moderate,Q2
46,9.7,3.8,9.6,0.3,0.6,3.55,High,Q4_highest
47,5.1,3.7,7.1,5.8,2.3,2.6,Low,Q1_lowest
48,9.3,1.3,5.8,3.3,4.3,3.09,High,Q2
49,9.7,2.8,7.9,0.3,3.3,3.47,High,Q4_highest
50,9.4,3.0,8.5,2.2,0.9,3.18,High,Q3
51,6.8,1.2,9.0,4.9,2.1,3.12,Moderate,Q3
52,9.0,2.6,8.5,3.1,0.8,4.0,High,Q4_highest
53,9.5,1.4,6.9,0.6,5.6,3.33,High,Q3
54,7.3,2.2,6.4,3.5,4.6,3.11,Moderate,Q2
55,5.2,0.1,9.1,2.2,7.4,2.79,Low,Q1_lowest
56,8.8,0.9,8.1,0.5,5.7,3.1,High,Q2
57,5.3,2.1,7.7,3.8,5.1,2.39,Low,Q1_lowest
58,9.0,1.1,7.2,0.5,6.2,3.39,High,Q4_highest
59,5.1,3.9,9.2,4.0,1.8,2.52,Low,Q1_lowest
60,5.8,1.0,7.7,4.3,5.2,2.8,Low,Q1_lowest
61,8.3,1.1,9.8,3.5,1.3,3.67,High,Q4_highest
62,7.1,1.0,6.8,4.5,4.6,3.27,Moderate,Q3
63,5.1,0.5,5.2,0.2,13.0,2.85,High,Q1_lowest
64,7.4,0.4,7.5,2.8,5.9,3.26,Moderate,Q3
65,5.9,1.7,7.0,3.7,5.7,2.8,Low,Q1_lowest
66,6.9,2.5,7.5,5.1,2.0,3.06,Moderate,Q2
67,8.3,0.7,5.4,3.9,5.7,3.26,High,Q3
68,9.7,2.3,6.9,3.3,1.8,3.38,High,Q4_highest
69,7.3,2.2,9.7,1.9,2.9,3.15,Moderate,Q3
70,5.4,1.3,9.2,0.1,8.0,2.69,Low,Q1_lowest
71,9.1,1.1,5.6,4.2,4.0,3.54,High,Q4_highest
72,8.7,3.2,6.4,1.0,4.7,3.37,High,Q4_highest
73,8.8,3.2,10.0,0.8,1.2,3.58,High,Q4_highest
74,6.7,3.7,9.3,1.8,2.5,2.89,Moderate,Q1_lowest
75,8.8,3.0,5.5,5.4,1.3,3.58,High,Q4_highest
76,6.6,3.6,6.9,0.1,6.8,2.99,Moderate,Q2
77,9.5,0.4,6.6,5.7,1.8,3.44,High,Q4_highest
78,8.2,1.8,6.5,2.0,5.5,3.35,High,Q4_highest
79,8.4,3.0,9.0,2.8,0.8,3.26,High,Q3
80,5.3,2.2,7.2,5.3,4.0,2.62,Low,Q1_lowest
81,6.8,0.5,5.7,4.6,6.4,2.86,High,Q1_lowest
82,5.4,2.8,5.4,4.9,5.5,2.86,High,Q1_lowest
83,8.5,0.3,5.4,5.9,3.9,2.99,High,Q2
84,9.1,3.8,9.9,0.9,0.3,3.08,High,Q2
85,6.9,0.3,8.9,3.4,4.5,3.21,Moderate,Q3
86,5.6,2.0,5.1,2.8,8.5,2.81,High,Q1_lowest
87,5.3,0.5,5.6,3.9,8.7,2.9,High,Q1_lowest
88,9.8,1.5,6.4,5.2,1.1,3.78,High,Q4_highest
89,6.1,3.9,5.1,5.8,3.1,2.96,High,Q2
90,5.4,2.2,9.8,3.1,3.5,2.81,Low,Q1_lowest
91,8.1,2.8,7.3,3.6,2.2,3.39,High,Q4_highest
92,5.2,1.1,9.8,5.3,2.6,2.82,Low,Q1_lowest
93,7.3,2.5,6.4,1.1,6.7,2.67,Moderate,Q1_lowest
94,7.9,0.3,9.9,5.8,0.1,3.08,Moderate,Q2
95,8.5,2.1,6.5,4.9,2.0,3.1,High,Q2
96,9.6,3.3,9.7,1.0,0.4,3.54,High,Q4_highest
97,8.1,1.7,9.7,3.9,0.6,3.45,High,Q4_highest
98,9.9,0.6,8.0,2.1,3.4,3.39,High,Q4_highest
99,9.8,3.4,9.2,0.7,0.9,3.15,High,Q3
100,5.3,3.5,9.1,6.0,0.1,2.68,Low,Q1_lowest
101,10.0,2.2,8.8,2.8,0.2,3.41,High,Q4_highest
102,7.3,0.5,9.8,3.6,2.8,3.22,Moderate,Q3
103,6.1,2.7,8.1,2.1,5.0,2.98,Moderate,Q2
104,7.6,3.1,7.6,4.9,0.8,2.99,Moderate,Q2
105,7.8,2.2,9.4,1.9,2.7,3.3,Moderate,Q3
106,8.5,0.9,5.7,0.1,8.8,3.55,High,Q4_highest
107,6.8,2.4,7.0,2.6,5.2,2.97,Moderate,Q2
108,7.6,3.1,7.0,3.7,2.6,3.28,Moderate,Q3
109,9.3,3.8,5.7,4.8,0.4,3.05,High,Q2
110,7.3,3.9,7.5,1.7,3.6,3.08,Moderate,Q2
111,8.2,1.0,5.4,0.8,8.6,3.3,High,Q3
112,5.9,1.4,9.5,2.8,4.4,2.7,Low,Q1_lowest
113,8.3,0.7,6.0,0.2,8.8,3.14,High,Q3
114,5.9,0.4,5.6,2.8,9.3,2.73,High,Q1_lowest
115,6.0,1.5,7.5,4.1,4.9,2.76,Moderate,Q1_lowest
116,9.4,3.7,5.3,1.6,4.0,3.45,High,Q4_highest
117,9.0,3.0,5.9,1.3,4.8,3.29,High,Q3
118,8.1,1.5,7.3,4.5,2.6,2.75,High,Q1_lowest
119,5.2,1.0,8.6,5.4,3.8,3.4,Low,Q4_highest
120,5.5,1.8,7.7,1.5,7.5,3.05,Low,Q2
121,6.3,1.5,5.1,1.9,9.2,2.82,High,Q1_lowest
122,5.6,3.6,8.0,4.1,2.7,2.62,Low,Q1_lowest
123,8.9,2.0,5.4,3.2,4.5,3.64,High,Q4_highest
124,7.2,0.5,6.4,2.2,7.7,3.19,Moderate,Q3
125,8.2,2.3,6.8,5.9,0.8,2.95,High,Q2
126,5.5,0.6,6.2,1.0,10.7,2.94,Low,Q2
127,5.9,1.1,5.9,5.4,5.7,2.89,High,Q1_lowest
128,7.1,3.9,5.6,2.4,5.0,2.9,High,Q1_lowest
129,9.8,3.5,9.1,0.4,1.2,3.57,High,Q4_highest
130,9.6,2.2,7.9,1.2,3.1,3.24,High,Q3
131,8.8,0.7,6.6,2.6,5.3,2.99,High,Q2
132,5.6,2.4,6.4,3.5,6.1,2.85,Low,Q1_lowest
133,5.8,1.9,7.7,0.3,8.3,2.7,Low,Q1_lowest
134,5.3,4.0,6.6,4.9,3.2,2.72,Low,Q1_lowest
135,6.3,2.7,8.8,3.6,2.6,2.45,Moderate,Q1_lowest
136,6.7,3.7,9.2,4.2,0.2,2.85,Moderate,Q1_lowest
137,5.6,2.9,9.7,1.1,4.7,2.86,Low,Q1_lowest
138,7.9,3.4,5.7,4.8,2.2,3.15,High,Q3
139,6.0,0.7,5.8,4.9,6.6,2.96,High,Q2
140,6.8,3.5,7.0,4.9,1.8,3.44,Moderate,Q4_highest
141,7.2,1.5,7.3,1.8,6.2,3.08,Moderate,Q2
142,6.2,3.6,6.9,3.3,4.0,3.27,Moderate,Q3
143,9.5,2.5,5.6,5.6,0.8,3.13,High,Q3
144,5.7,3.2,8.1,3.2,3.8,3.08,Low,Q2
145,9.5,3.2,5.8,1.7,3.8,3.59,High,Q4_highest
146,5.2,2.3,8.8,5.3,2.4,2.61,Low,Q1_lowest
147,6.7,3.3,5.6,5.1,3.3,2.95,High,Q2
148,9.0,0.6,6.1,4.3,4.0,3.15,High,Q3
149,8.6,2.6,8.5,2.3,2.0,3.14,High,Q3
150,5.9,3.6,7.9,2.4,4.2,2.64,Low,Q1_lowest
151,7.3,3.8,5.8,3.5,3.6,3.58,High,Q4_highest
152,5.1,3.5,9.7,3.2,2.5,2.79,Low,Q1_lowest
153,8.5,3.7,8.5,0.5,2.8,3.65,High,Q4_highest
154,7.1,2.9,9.7,4.0,0.3,3.33,Moderate,Q3
155,7.3,0.5,9.9,5.0,1.3,3.11,Moderate,Q2
156,8.0,1.6,5.3,2.0,7.1,3.42,High,Q4_highest
157,9.0,0.0,6.7,2.4,5.9,3.51,High,Q4_highest
158,6.7,1.4,8.7,2.7,4.5,3.02,Moderate,Q2
159,6.1,1.8,5.7,1.1,9.3,2.38,High,Q1_lowest
160,9.6,1.4,7.9,3.2,1.9,3.43,High,Q4_highest
161,5.1,2.7,5.9,5.8,4.5,2.71,High,Q1_lowest
162,5.4,4.0,7.5,3.6,3.5,2.59,Low,Q1_lowest
163,5.3,3.0,6.0,5.4,4.3,2.68,Low,Q1_lowest
164,5.2,1.9,7.8,0.4,8.7,2.67,Low,Q1_lowest
165,8.9,1.8,7.6,2.5,3.2,3.58,High,Q4_highest
166,5.8,0.7,9.3,5.7,2.5,2.46,Low,Q1_lowest
167,6.9,1.1,8.2,2.5,5.3,3.22,Moderate,Q3
168,5.1,0.9,6.2,4.0,7.8,3.02,Low,Q2
169,5.1,0.4,9.0,1.1,8.4,2.52,Low,Q1_lowest
170,5.5,1.0,8.6,5.1,3.8,2.97,Low,Q2
171,9.2,1.6,8.3,1.0,3.9,3.5,High,Q4_highest
172,5.1,0.3,6.0,0.2,12.4,2.7,Low,Q1_lowest
173,5.9,2.3,7.1,5.4,3.3,2.78,Low,Q1_lowest
174,6.3,1.5,8.0,1.6,6.6,3.15,Moderate,Q3
175,8.1,1.6,7.8,2.6,3.9,3.26,High,Q3
176,8.8,0.6,9.3,2.6,2.7,3.3,High,Q3
177,9.5,3.2,7.1,0.1,4.1,3.49,High,Q4_highest
178,8.2,1.0,5.7,5.0,4.1,2.89,High,Q1_lowest
179,9.9,2.1,5.9,1.6,4.5,3.52,High,Q4_highest
180,6.4,2.2,8.3,5.0,2.1,2.76,Moderate,Q1_lowest
181,6.0,0.0,5.7,5.4,6.9,2.95,High,Q2
182,8.0,2.7,5.9,5.5,1.9,3.4,High,Q4_highest
183,7.1,1.5,7.6,0.3,7.5,3.17,Moderate,Q3
184,5.4,2.4,6.2,2.3,7.7,2.66,Low,Q1_lowest
185,6.4,1.4,8.6,1.8,5.8,2.77,Moderate,Q1_lowest
186,8.3,3.7,8.7,0.7,2.6,3.77,High,Q4_highest
187,5.2,1.0,8.0,0.3,9.5,3.29,Low,Q3
188,6.7,3.1,5.5,0.5,8.2,2.99,High,Q2
189,8.6,2.0,8.4,2.2,2.8,3.43,High,Q4_highest
190,9.0,2.8,6.4,3.4,2.4,3.24,High,Q3
191,6.8,0.4,9.6,0.8,6.4,3.01,Moderate,Q2
192,5.9,2.2,9.4,4.4,2.1,3.01,Low,Q2
193,9.0,2.6,8.5,3.3,0.6,3.34,High,Q4_highest
194,6.1,4.0,9.7,0.2,4.0,2.58,Moderate,Q1_lowest
195,8.5,3.7,5.9,3.4,2.5,3.06,High,Q2
196,9.6,3.9,9.7,0.4,0.4,3.65,High,Q4_highest
197,9.3,3.4,6.6,3.9,0.8,3.41,High,Q4_highest
198,6.2,0.5,5.4,4.2,7.7,2.84,High,Q1_lowest
199,6.7,2.9,5.3,1.9,7.2,3.29,High,Q3
200,6.6,2.5,9.4,3.4,2.1,3.03,Moderate,Q2
201,6.2,0.1,9.4,0.1,8.2,2.95,Moderate,Q2
202,9.7,3.2,10.0,0.4,0.7,3.67,High,Q4_highest
203,8.8,1.6,7.4,3.8,2.4,3.23,High,Q3
204,7.1,3.0,6.2,0.7,7.0,3.36,Moderate,Q4_highest
205,6.8,1.1,6.5,1.4,8.2,3.01,Moderate,Q2
206,6.9,2.7,6.1,5.7,2.6,3.08,Moderate,Q2
207,8.9,0.4,7.1,5.3,2.3,3.33,High,Q3
208,8.1,0.7,10.0,1.2,4.0,3.35,High,Q4_highest
209,9.7,2.6,8.0,1.9,1.8,3.33,High,Q3
210,6.1,0.7,8.9,2.1,6.2,2.81,Moderate,Q1_lowest
211,5.3,3.9,9.4,5.0,0.4,3.08,Low,Q2
212,8.5,0.6,9.1,1.3,4.5,3.16,High,Q3
213,6.1,2.1,8.0,3.5,4.3,2.79,Moderate,Q1_lowest
214,9.4,3.8,9.3,1.2,0.3,3.33,High,Q3
215,8.3,2.2,5.4,2.5,5.6,2.97,High,Q2
216,8.6,2.0,5.4,1.3,6.7,3.14,High,Q3
217,8.4,0.3,9.3,3.0,3.0,3.77,High,Q4_highest
218,9.1,1.4,8.4,2.9,2.2,3.26,High,Q3
219,6.3,3.5,9.0,3.4,1.8,3.11,Moderate,Q2
220,8.5,2.7,8.1,3.5,1.2,3.38,High,Q4_highest
221,5.8,3.5,9.4,0.2,5.1,2.84,Low,Q1_lowest
222,6.7,3.0,5.8,4.9,3.6,3.03,High,Q2
223,9.2,2.0,5.0,1.7,6.1,3.42,High,Q4_highest
224,8.2,1.0,8.2,3.2,3.4,3.24,High,Q3
225,8.9,0.4,8.8,3.2,2.7,3.32,High,Q3
226,8.2,3.7,5.5,5.6,1.0,3.29,High,Q3
227,8.4,0.3,6.5,4.2,4.6,3.29,High,Q3
228,6.7,2.5,5.2,5.2,4.4,2.86,High,Q1_lowest
229,9.9,3.9,8.7,0.2,1.3,3.8,High,Q4_highest
230,8.4,1.8,6.4,6.0,1.4,3.25,High,Q3
231,7.1,1.8,5.8,4.8,4.5,2.86,High,Q1_lowest
232,5.4,2.7,8.3,1.6,6.0,2.95,Low,Q2
233,9.8,0.6,7.2,5.7,0.7,3.84,High,Q4_highest
234,7.0,1.1,9.9,2.5,3.5,2.84,Moderate,Q1_lowest
235,9.5,0.9,6.1,0.2,7.3,3.17,High,Q3
236,9.3,1.9,9.8,0.6,2.4,3.68,High,Q4_highest
237,9.3,3.1,8.9,2.3,0.4,3.52,High,Q4_highest
238,5.7,0.1,9.6,3.7,4.9,3.12,Low,Q3
239,9.0,1.9,5.6,0.8,6.7,3.21,High,Q3
240,6.0,2.0,5.3,3.5,7.2,3.26,High,Q3
241,6.3,3.2,6.6,2.7,5.2,2.85,Moderate,Q1_lowest
242,8.0,1.2,8.5,5.2,1.1,2.72,Moderate,Q1_lowest
243,8.9,0.2,7.4,0.6,6.9,3.33,High,Q3
244,8.1,2.8,7.8,0.1,5.2,2.98,High,Q2
245,6.6,2.1,5.4,2.1,7.8,2.79,High,Q1_lowest
246,7.8,2.8,9.0,0.9,3.5,3.11,Moderate,Q2
247,5.8,0.4,8.2,4.2,5.4,2.88,Low,Q1_lowest
248,8.5,3.5,8.6,2.7,0.7,3.15,High,Q3
249,6.7,3.3,5.4,5.4,3.2,3.27,High,Q3
250,7.3,2.6,7.6,4.4,2.1,3.13,Moderate,Q3
251,5.4,0.2,6.2,1.0,11.2,2.75,Low,Q1_lowest
252,9.9,1.3,5.9,4.7,2.2,3.57,High,Q4_highest
253,8.3,2.0,7.8,4.2,1.7,3.25,High,Q3
254,6.0,2.7,5.4,0.2,9.7,2.92,High,Q2
255,6.3,1.9,9.3,4.4,2.1,2.85,Moderate,Q1_lowest
256,6.7,1.5,9.9,0.2,5.7,3.32,Moderate,Q3
257,9.3,2.3,7.2,3.8,1.4,3.61,High,Q4_highest
258,9.5,1.7,6.4,3.6,2.8,3.42,High,Q4_highest
259,9.6,0.8,8.1,3.5,2.0,3.31,High,Q3
260,8.6,3.6,5.9,1.4,4.5,3.37,High,Q4_highest
261,9.9,0.7,9.3,2.0,2.1,3.59,High,Q4_highest
262,7.2,2.1,6.8,3.6,4.3,3.01,Moderate,Q2
263,5.8,1.6,9.8,1.5,5.3,2.61,Low,Q1_lowest
264,8.9,0.5,9.8,2.2,2.6,3.57,High,Q4_highest
265,6.2,0.3,5.8,3.1,8.6,3.13,High,Q3
266,7.2,1.0,8.1,4.2,3.5,2.98,Moderate,Q2
267,5.8,0.7,5.2,4.4,7.9,2.81,High,Q1_lowest
268,9.2,3.2,7.9,3.2,0.5,3.8,High,Q4_highest
269,6.0,0.4,6.3,0.3,11.0,3.05,Moderate,Q2
270,5.2,0.5,7.3,5.6,5.4,2.79,Low,Q1_lowest
271,6.6,2.0,5.2,0.9,9.3,3.17,High,Q3
272,7.3,2.1,7.4,4.0,3.2,3.16,Moderate,Q3
273,5.7,0.1,6.5,4.2,7.5,2.98,Low,Q2
274,9.8,0.4,8.4,2.4,3.0,3.26,High,Q3
275,9.3,0.7,8.5,4.6,0.9,3.43,High,Q4_highest
276,7.5,2.5,9.3,2.7,2.0,3.2,Moderate,Q3
277,5.2,3.7,8.4,4.1,2.6,2.91,Low,Q2
278,7.0,2.6,5.5,3.9,5.0,2.82,High,Q1_lowest
279,10.0,0.2,9.9,1.6,2.3,3.56,High,Q4_highest
280,7.8,3.0,9.4,1.5,2.3,3.25,Moderate,Q3
281,6.6,2.7,9.0,4.3,1.4,2.93,Moderate,Q2
282,9.1,0.5,7.7,0.0,6.7,3.64,High,Q4_highest
283,6.6,1.5,7.0,4.2,4.7,2.79,Moderate,Q1_lowest
284,6.2,1.5,6.1,0.4,9.8,2.5,Moderate,Q1_lowest
285,8.0,2.7,8.1,2.4,2.8,3.4,Moderate,Q4_highest
286,7.6,1.9,5.1,2.0,7.4,3.08,High,Q2
287,6.9,1.6,7.9,3.2,4.4,3.31,Moderate,Q3
288,9.1,2.9,9.8,0.0,2.2,3.48,High,Q4_highest
289,6.0,0.0,8.2,5.4,4.4,2.92,Moderate,Q2
290,5.3,3.7,6.8,0.6,7.6,2.78,Low,Q1_lowest
291,7.4,1.0,6.4,1.8,7.4,3.15,Moderate,Q3
292,6.6,2.4,8.6,1.6,4.8,3.27,Moderate,Q3
293,7.1,0.5,5.9,4.1,6.4,3.09,High,Q2
294,8.5,0.4,7.8,1.5,5.8,3.01,High,Q2
295,9.8,1.9,9.0,1.8,1.5,3.5,High,Q4_highest
296,9.8,2.4,9.1,2.4,0.3,3.38,High,Q4_highest
297,6.1,0.8,8.1,2.5,6.5,2.67,Moderate,Q1_lowest
298,8.9,1.1,9.1,2.1,2.8,3.2,High,Q3
299,8.3,0.4,8.1,2.7,4.5,3.01,High,Q2
300,8.7,3.5,6.1,0.5,5.2,3.37,High,Q4_highest
301,5.1,2.6,8.0,3.3,5.0,2.65,Low,Q1_lowest
302,8.0,2.0,9.9,0.6,3.5,2.93,Moderate,Q2
303,8.5,1.6,7.1,4.3,2.5,3.39,High,Q4_highest
304,6.4,0.3,5.4,5.4,6.5,3.29,High,Q3
305,6.0,1.3,6.1,2.1,8.5,2.91,Moderate,Q2
306,5.3,3.2,6.2,3.2,6.1,2.64,Low,Q1_lowest
307,9.4,2.6,7.7,1.4,2.9,3.66,High,Q4_highest
308,10.0,2.6,7.8,2.6,1.0,3.26,High,Q3
309,7.3,0.2,7.8,5.7,3.0,3.2,Moderate,Q3
310,6.0,2.1,5.5,2.7,7.7,2.72,High,Q1_lowest
311,8.8,1.4,8.3,4.4,1.1,3.1,High,Q2
312,10.0,3.7,7.7,2.2,0.4,3.44,High,Q4_highest
313,7.6,2.5,5.4,4.5,4.0,3.17,High,Q3
314,8.9,2.8,5.2,1.8,5.3,3.3,High,Q3
315,6.3,1.4,5.4,5.6,5.3,2.58,High,Q1_lowest
316,7.0,1.8,8.0,3.1,4.1,3.15,Moderate,Q3
317,9.6,2.0,10.0,2.0,0.4,3.46,High,Q4_highest
318,6.9,3.5,9.3,3.5,0.8,3.02,Moderate,Q2
319,9.0,1.2,5.4,2.4,6.0,3.46,High,Q4_highest
320,6.7,3.9,8.2,4.3,0.9,2.83,Moderate,Q1_lowest
321,5.7,3.4,9.6,2.6,2.7,3.13,Low,Q3
322,5.9,2.0,7.0,0.9,8.2,3.0,Low,Q2
323,6.8,0.3,5.1,0.8,11.0,3.03,High,Q2
324,9.8,1.7,6.6,3.0,2.9,3.58,High,Q4_highest
325,7.2,0.4,8.2,1.3,6.9,3.39,Moderate,Q4_highest
326,5.8,0.2,8.9,2.8,6.3,3.11,Low,Q2
327,5.3,4.0,5.3,4.2,5.2,2.67,High,Q1_lowest
328,8.5,0.2,7.5,6.0,1.8,3.21,High,Q3
329,9.1,2.5,6.5,3.7,2.2,2.85,High,Q1_lowest
330,5.7,3.5,7.2,1.2,6.4,3.04,Low,Q2
331,6.8,1.7,9.1,4.4,2.0,2.9,Moderate,Q1_lowest
332,5.1,1.0,8.8,0.8,8.3,2.25,Low,Q1_lowest
333,7.7,0.9,5.1,1.4,8.9,3.15,High,Q3
334,5.5,2.2,7.3,5.1,3.9,2.94,Low,Q2
335,5.5,2.0,5.8,1.9,8.8,2.79,High,Q1_lowest
336,6.9,1.6,7.3,4.7,3.5,3.38,Moderate,Q4_highest
337,9.5,3.8,8.9,0.6,1.2,3.3,High,Q3
338,6.3,3.4,5.2,5.4,3.7,3.31,High,Q3
339,7.3,2.5,8.3,5.3,0.6,3.36,Moderate,Q4_highest
340,5.3,2.1,5.8,4.4,6.4,3.11,High,Q2
341,7.6,2.7,5.2,0.5,8.0,3.07,High,Q2
342,5.4,0.0,9.8,4.4,4.4,2.85,Low,Q1_lowest
343,6.8,1.2,6.7,4.6,4.7,2.81,Moderate,Q1_lowest
344,5.9,0.4,8.3,4.6,4.8,2.99,Low,Q2
345,6.3,0.1,5.4,5.8,6.4,3.14,High,Q3
346,8.1,1.5,6.0,0.7,7.7,3.06,High,Q2
347,8.1,3.1,8.2,2.4,2.2,3.09,High,Q2
348,9.9,2.4,7.9,2.8,1.0,3.67,High,Q4_highest
349,9.1,2.6,5.6,2.0,4.7,3.16,High,Q3
350,7.2,2.5,9.7,1.1,3.5,2.69,Moderate,Q1_lowest
351,5.6,0.8,9.4,3.9,4.3,3.01,Low,Q2
352,9.3,3.4,9.6,0.4,1.3,3.28,High,Q3
353,8.8,1.8,9.2,3.1,1.1,3.45,High,Q4_highest
354,5.9,2.2,9.9,5.6,0.4,3.12,Low,Q3
355,5.2,0.7,5.7,4.4,8.0,2.67,High,Q1_lowest
356,7.5,3.4,8.7,2.4,2.0,3.24,Moderate,Q3
357,8.0,2.0,6.5,3.4,4.1,3.35,Moderate,Q4_highest
358,8.2,3.0,5.8,2.8,4.2,3.31,High,Q3
359,5.0,1.0,8.6,6.0,3.4,2.71,Low,Q1_lowest
360,9.0,0.8,7.8,4.4,2.0,3.18,High,Q3
361,8.1,0.8,6.8,4.7,3.6,3.19,High,Q3
362,8.8,0.1,8.7,1.2,5.2,3.32,High,Q3
363,9.8,1.5,6.6,0.9,5.2,3.61,High,Q4_highest
364,10.0,1.5,7.2,3.8,1.5,3.43,High,Q4_highest
365,9.4,2.4,7.0,2.1,3.1,3.1,High,Q2
366,9.0,0.4,7.9,2.9,3.8,3.6,High,Q4_highest
367,8.2,0.3,7.9,3.4,4.2,3.64,High,Q4_highest
368,8.4,3.2,6.3,5.0,1.1,3.5,High,Q4_highest
369,7.5,0.3,5.3,2.0,8.9,3.26,High,Q3
370,8.9,2.1,7.2,0.9,4.9,3.53,High,Q4_highest
371,6.6,1.7,5.4,1.3,9.0,3.29,High,Q3
372,10.0,3.7,8.2,0.9,1.2,3.63,High,Q4_highest
373,8.2,3.1,5.6,2.5,4.6,3.16,High,Q3
374,7.9,2.4,5.9,2.2,5.6,3.4,High,Q4_highest
375,6.7,0.1,5.1,5.0,7.1,3.03,High,Q2
376,6.5,3.8,6.3,2.6,4.8,2.62,Moderate,Q1_lowest
377,9.4,3.4,5.9,4.3,1.0,3.18,High,Q3
378,5.7,0.3,8.6,3.0,6.4,2.28,Low,Q1_lowest
379,7.2,2.9,8.8,0.8,4.3,2.88,Moderate,Q1_lowest
380,8.8,2.6,9.8,0.2,2.6,3.38,High,Q4_highest
381,5.3,1.1,6.3,1.5,9.8,2.75,Low,Q1_lowest
382,6.4,3.0,7.2,4.7,2.7,3.03,Moderate,Q2
383,5.3,2.0,5.2,0.4,11.1,2.31,High,Q1_lowest
384,6.7,3.6,5.1,4.0,4.6,3.18,High,Q3
385,9.8,2.2,9.7,0.1,2.2,3.16,High,Q3
386,8.7,3.9,6.3,3.3,1.8,3.2,High,Q3
387,6.0,2.3,7.3,5.8,2.6,2.58,Moderate,Q1_lowest
388,5.6,0.6,6.1,1.5,10.2,3.07,Low,Q2
389,9.3,2.2,7.6,0.6,4.3,3.48,High,Q4_highest
390,5.3,2.8,7.7,0.5,7.7,2.93,Low,Q2
391,7.3,1.9,5.8,5.7,3.3,3.18,High,Q3
392,7.3,1.6,8.3,3.3,3.5,3.28,Moderate,Q3
393,5.3,2.1,9.0,2.8,4.8,2.67,Low,Q1_lowest
394,5.8,1.3,8.8,3.1,5.0,2.71,Low,Q1_lowest
395,6.0,3.5,9.4,4.4,0.7,2.84,Moderate,Q1_lowest
396,9.9,3.1,5.1,0.4,5.5,3.17,High,Q3
397,7.3,3.6,7.7,2.7,2.7,3.15,Moderate,Q3
398,9.1,1.5,8.9,4.3,0.2,3.21,High,Q3
399,6.0,2.1,6.4,4.8,4.7,3.27,Moderate,Q3
400,9.0,1.6,9.6,2.0,1.8,3.57,High,Q4_highest
401,5.8,2.8,9.0,1.9,4.5,2.8,Low,Q1_lowest
402,5.9,3.6,8.3,0.9,5.3,2.8,Low,Q1_lowest
403,7.2,2.5,5.4,5.3,3.6,3.08,High,Q2
404,9.8,1.7,9.9,1.7,0.9,3.75,High,Q4_highest
405,8.2,0.7,9.4,2.4,3.3,3.47,High,Q4_highest
406,8.6,3.6,5.4,4.4,2.0,3.81,High,Q4_highest
407,5.9,3.4,9.1,3.0,2.6,2.68,Low,Q1_lowest
408,7.4,3.3,7.3,2.1,3.9,3.34,Moderate,Q4_highest
409,7.5,3.3,6.7,1.0,5.5,3.29,Moderate,Q3
410,5.5,1.0,5.7,2.1,9.7,2.93,High,Q2
411,7.3,3.0,8.3,3.4,2.0,3.29,Moderate,Q3
412,7.4,3.9,8.2,0.6,3.9,3.02,Moderate,Q2
413,8.4,1.3,8.4,0.4,5.5,3.32,High,Q3
414,6.1,3.3,6.4,3.9,4.3,2.86,Moderate,Q1_lowest
415,8.5,2.1,6.5,1.3,5.6,3.38,High,Q4_highest
416,9.4,3.1,8.9,1.7,0.9,3.45,High,Q4_highest
417,6.3,3.6,8.4,3.2,2.5,2.92,Moderate,Q2
418,7.3,3.5,7.7,2.1,3.4,2.9,Moderate,Q1_lowest
419,9.9,0.4,7.1,0.3,6.3,3.55,High,Q4_highest
420,6.4,3.4,6.5,5.5,2.2,3.0,Moderate,Q2
421,8.8,3.2,5.1,5.8,1.1,3.13,High,Q3
422,9.1,1.1,9.4,0.5,3.9,3.58,High,Q4_highest
423,8.5,2.2,5.5,1.5,6.3,3.27,High,Q3
424,6.5,2.4,6.5,1.8,6.8,2.91,Moderate,Q2
425,8.7,0.2,9.5,4.8,0.8,3.5,High,Q4_highest
426,9.5,0.7,5.4,1.4,7.0,3.77,High,Q4_highest
427,9.0,0.1,7.9,6.0,1.0,3.36,High,Q4_highest
428,5.3,3.3,8.0,0.7,6.7,3.03,Low,Q2
429,5.5,3.6,8.3,5.0,1.6,2.86,Low,Q1_lowest
430,7.6,1.7,6.6,2.6,5.5,3.34,Moderate,Q4_highest
431,8.9,2.4,9.5,1.4,1.8,3.66,High,Q4_highest
432,8.0,2.8,6.2,3.1,3.9,3.46,Moderate,Q4_highest
433,5.5,1.5,7.4,3.9,5.7,2.85,Low,Q1_lowest
434,8.7,2.0,8.2,0.4,4.7,3.42,High,Q4_highest
435,6.3,1.4,7.4,0.3,8.6,2.86,Moderate,Q1_lowest
436,9.9,1.3,7.4,1.1,4.3,3.35,High,Q4_highest
437,8.1,1.1,6.0,3.1,5.7,3.15,High,Q3
438,9.0,2.3,7.6,1.5,3.6,3.2,High,Q3
439,9.7,1.6,5.4,3.7,3.6,3.39,High,Q4_highest
440,7.5,3.5,7.5,3.9,1.6,2.97,Moderate,Q2
441,10.0,0.5,6.4,2.4,4.7,3.14,High,Q3
442,9.5,2.9,8.0,1.1,2.5,3.11,High,Q2
443,9.1,3.8,9.1,0.0,2.0,3.27,High,Q3
444,6.3,0.2,8.0,4.1,5.4,2.97,Moderate,Q2
445,5.6,1.5,7.3,2.2,7.4,2.8,Low,Q1_lowest
446,8.8,0.3,5.4,2.1,7.4,3.12,High,Q3
447,9.7,2.7,8.4,1.2,2.0,3.44,High,Q4_highest
448,8.2,3.7,8.1,3.5,0.5,3.23,High,Q3
449,8.6,0.5,9.5,0.4,5.0,3.06,High,Q2
450,5.1,1.7,6.5,2.9,7.8,2.79,Low,Q1_lowest
451,7.9,0.2,5.6,3.4,6.9,3.44,High,Q4_highest
452,8.3,3.4,8.5,1.6,2.2,3.07,High,Q2
453,8.4,1.1,6.5,4.7,3.3,3.54,High,Q4_highest
454,9.1,3.4,9.6,0.8,1.1,3.31,High,Q3
455,6.6,2.3,6.9,3.6,4.6,3.2,Moderate,Q3
456,6.9,0.7,7.2,0.9,8.3,3.26,Moderate,Q3
457,9.5,1.4,5.8,0.2,7.1,3.69,High,Q4_highest
458,6.7,0.3,7.0,1.9,8.1,3.28,Moderate,Q3
459,8.4,2.4,6.8,1.3,5.1,3.25,High,Q3
460,8.4,0.6,7.4,0.2,7.4,3.32,High,Q3
461,7.5,3.9,6.9,0.2,5.5,3.11,Moderate,Q2
462,5.8,0.1,8.8,2.8,6.5,2.8,Low,Q1_lowest
463,6.4,3.6,5.6,5.7,2.7,3.1,High,Q2
464,8.0,3.3,9.9,0.8,2.0,3.13,Moderate,Q3
465,9.8,1.6,6.9,1.9,3.8,3.23,High,Q3
466,7.8,2.2,8.8,4.3,0.9,3.2,Moderate,Q3
467,7.2,1.2,6.3,1.2,8.1,3.05,Moderate,Q2
468,6.4,3.9,7.8,2.0,3.9,2.87,Moderate,Q1_lowest
469,7.9,0.6,7.2,3.8,4.5,2.68,Moderate,Q1_lowest
470,10.0,3.5,8.1,1.4,1.0,3.44,High,Q4_highest
471,8.1,0.8,7.0,0.2,7.9,3.74,High,Q4_highest
472,6.1,3.9,9.5,3.2,1.3,2.61,Moderate,Q1_lowest
473,7.7,3.5,5.7,4.7,2.4,3.21,High,Q3
474,6.4,3.5,9.7,0.7,3.7,2.89,Moderate,Q1_lowest
475,7.3,3.9,7.4,4.7,0.7,2.74,Moderate,Q1_lowest
476,6.4,0.8,8.8,2.3,5.7,3.21,Moderate,Q3
477,7.6,2.0,7.9,5.2,1.3,3.13,Moderate,Q3
478,9.1,3.1,7.9,3.7,0.2,3.42,High,Q4_highest
479,6.0,0.4,9.3,2.6,5.7,3.02,Moderate,Q2
480,8.1,3.7,5.1,2.9,4.2,2.63,High,Q1_lowest
481,8.4,2.9,8.5,0.6,3.6,3.07,High,Q2
482,9.0,1.1,6.1,5.7,2.1,3.07,High,Q2
483,5.0,4.0,8.4,5.0,1.6,2.9,Low,Q1_lowest
484,8.7,0.6,8.8,4.5,1.4,3.41,High,Q4_highest
485,8.3,3.1,9.2,2.1,1.3,3.24,High,Q3
486,5.4,1.6,7.0,0.4,9.6,2.63,Low,Q1_lowest
487,6.7,0.4,9.0,5.7,2.2,2.63,Moderate,Q1_lowest
488,5.4,2.0,9.0,4.2,3.4,2.85,Low,Q1_lowest
489,5.3,0.3,7.0,1.8,9.6,2.64,Low,Q1_lowest
490,9.0,3.7,7.0,3.9,0.4,3.16,High,Q3
491,6.6,1.9,6.1,3.8,5.6,3.0,Moderate,Q2
492,6.8,2.6,5.6,5.3,3.7,3.08,High,Q2
493,7.5,1.8,7.9,3.7,3.1,3.17,Moderate,Q3
494,6.2,2.9,9.1,4.7,1.1,2.83,Moderate,Q1_lowest
495,7.8,2.1,5.7,4.7,3.7,3.16,High,Q3
496,6.4,0.5,8.1,0.3,8.7,2.61,Moderate,Q1_lowest
497,8.7,1.3,5.0,3.1,5.9,3.24,High,Q3
498,9.2,0.0,6.2,4.4,4.2,3.41,High,Q4_highest
499,6.6,0.4,6.8,1.6,8.6,2.89,Moderate,Q1_lowest
500,8.9,3.6,7.2,3.9,0.4,3.51,High,Q4_highest
501,6.9,3.9,5.4,4.1,3.7,2.55,High,Q1_lowest
502,8.2,2.8,5.0,1.0,7.0,3.2,High,Q3
503,8.6,2.7,9.8,2.2,0.7,3.31,High,Q3
504,6.5,0.4,8.9,3.9,4.3,3.01,Moderate,Q2
505,5.2,1.4,9.8,3.0,4.6,2.49,Low,Q1_lowest
506,6.0,1.5,6.8,0.3,9.4,2.44,Moderate,Q1_lowest
507,8.8,1.7,9.1,3.7,0.7,3.44,High,Q4_highest
508,7.4,3.5,6.1,4.1,2.9,2.88,Moderate,Q1_lowest
509,8.0,1.2,5.7,3.9,5.2,3.03,High,Q2
510,8.2,1.6,8.6,1.1,4.5,3.46,High,Q4_highest
511,9.5,1.1,6.8,0.3,6.3,3.43,High,Q4_highest
512,6.3,3.3,5.1,2.3,7.0,2.74,High,Q1_lowest
513,6.7,0.1,5.6,2.5,9.1,2.49,High,Q1_lowest
514,7.7,2.4,5.0,2.8,6.1,3.12,High,Q3
515,9.8,2.1,8.4,1.2,2.5,3.61,High,Q4_highest
516,7.6,3.9,5.6,0.1,6.8,3.28,High,Q3
517,8.9,3.2,5.6,1.6,4.7,3.36,High,Q4_highest
518,6.7,1.5,5.0,1.8,9.0,3.31,High,Q3
519,8.2,3.9,9.2,0.1,2.6,3.26,High,Q3
520,8.9,1.8,7.0,1.8,4.5,3.38,High,Q4_highest
521,5.3,0.9,6.2,2.9,8.7,2.76,Low,Q1_lowest
522,5.3,3.8,9.7,4.1,1.1,3.13,Low,Q3
523,10.0,2.2,9.8,0.2,1.8,3.25,High,Q3
524,6.0,0.6,8.1,4.7,4.6,2.78,Moderate,Q1_lowest
525,7.9,0.6,9.1,3.8,2.6,3.5,Moderate,Q4_highest
526,6.3,1.4,9.6,1.7,5.0,2.74,Moderate,Q1_lowest
527,7.3,3.6,8.5,0.3,4.3,2.93,Moderate,Q2
528,5.7,3.8,7.6,1.5,5.4,3.27,Low,Q3
529,7.5,2.7,5.4,1.6,6.8,3.09,High,Q2
530,7.7,1.7,5.2,1.0,8.4,3.43,High,Q4_highest
531,7.2,0.8,5.2,5.1,5.7,2.99,High,Q2
532,9.8,0.8,9.8,3.6,0.0,3.59,High,Q4_highest
533,8.6,3.9,7.8,1.0,2.7,3.69,High,Q4_highest
534,5.4,2.5,9.9,1.1,5.1,2.54,Low,Q1_lowest
535,9.0,3.6,9.7,1.6,0.1,3.44,High,Q4_highest
536,8.8,0.6,7.4,4.3,2.9,3.32,High,Q3
537,6.2,2.6,8.3,1.0,5.9,3.23,Moderate,Q3
538,7.5,0.0,5.0,2.1,9.4,3.2,High,Q3
539,9.6,0.9,8.2,1.2,4.1,3.62,High,Q4_highest
540,8.6,0.4,7.1,0.2,7.7,3.2,High,Q3
541,7.4,2.6,5.6,1.7,6.7,3.26,High,Q3
542,10.0,0.2,8.8,1.9,3.1,3.46,High,Q4_highest
543,7.0,3.0,9.6,4.2,0.2,2.68,Moderate,Q1_lowest
544,8.9,1.0,7.8,2.2,4.1,3.54,High,Q4_highest
545,8.3,1.0,6.0,5.5,3.2,3.25,High,Q3
546,6.1,0.2,5.2,1.1,11.4,2.72,High,Q1_lowest
547,9.3,1.1,9.8,2.2,1.6,3.79,High,Q4_highest
548,7.6,3.0,6.4,2.1,4.9,2.83,Moderate,Q1_lowest
549,9.5,3.8,9.5,0.5,0.7,3.4,High,Q4_highest
550,7.5,0.8,8.0,1.1,6.6,3.43,Moderate,Q4_highest
551,6.7,3.4,6.0,0.4,7.5,2.48,Moderate,Q1_lowest
552,9.1,3.3,6.7,3.4,1.5,3.4,High,Q4_highest
553,8.9,2.6,5.8,5.3,1.4,2.98,High,Q2
554,7.1,0.2,5.6,4.6,6.5,3.13,High,Q3
555,5.0,1.7,7.6,0.3,9.4,2.53,Low,Q1_lowest
556,6.2,0.0,8.6,5.8,3.4,2.71,Moderate,Q1_lowest
557,6.1,2.7,8.7,5.1,1.4,2.57,Moderate,Q1_lowest
558,6.6,2.9,9.1,1.0,4.4,2.85,Moderate,Q1_lowest
559,6.9,3.6,9.0,4.4,0.1,2.92,Moderate,Q2
560,8.0,2.6,5.4,3.3,4.7,3.48,High,Q4_highest
561,8.5,0.7,8.9,3.4,2.5,3.41,High,Q4_highest
562,6.5,2.9,8.8,0.6,5.2,2.67,Moderate,Q1_lowest
563,7.6,2.0,6.8,5.6,2.0,3.25,Moderate,Q3
564,8.6,1.8,9.6,2.8,1.2,3.47,High,Q4_highest
565,8.6,3.4,6.4,4.5,1.1,3.18,High,Q3
566,6.7,3.9,9.3,2.9,1.2,2.78,Moderate,Q1_lowest
567,8.6,2.2,9.7,1.7,1.8,3.07,High,Q2
568,8.9,2.9,6.9,0.1,5.2,3.26,High,Q3
569,9.2,0.0,8.5,5.8,0.5,3.08,High,Q2
570,8.5,3.3,7.7,4.4,0.1,3.2,High,Q3
571,5.3,2.0,8.6,5.2,2.9,2.89,Low,Q1_lowest
572,7.8,1.6,5.7,5.2,3.7,3.06,High,Q2
573,5.8,1.2,6.5,5.2,5.3,3.08,Low,Q2
574,6.3,2.5,7.9,5.0,2.3,3.07,Moderate,Q2
575,9.5,0.0,8.4,0.3,5.8,3.07,High,Q2
576,6.5,1.4,8.1,2.0,6.0,3.06,Moderate,Q2
577,8.7,1.6,5.3,4.7,3.7,3.2,High,Q3
578,8.4,1.3,5.3,2.2,6.8,2.92,High,Q2
579,9.7,2.6,8.4,2.1,1.2,3.38,High,Q4_highest
580,8.8,0.4,6.4,1.7,6.7,3.05,High,Q2
581,7.2,3.9,5.3,3.1,4.5,3.03,High,Q2
582,8.7,2.8,7.1,1.9,3.5,3.12,High,Q3
583,7.0,1.1,6.0,2.9,7.0,2.87,Moderate,Q1_lowest
584,8.3,3.9,8.0,0.3,3.5,3.04,High,Q2
585,5.4,3.8,6.5,0.6,7.7,3.14,Low,Q3
586,8.2,1.1,5.1,5.8,3.8,3.5,High,Q4_highest
587,6.3,2.7,8.5,3.7,2.8,2.72,Moderate,Q1_lowest
588,8.0,3.5,9.7,0.3,2.5,3.02,Moderate,Q2
589,5.8,3.8,8.7,5.0,0.7,2.95,Low,Q2
590,8.5,2.7,7.0,0.1,5.7,3.01,High,Q2
591,7.9,1.0,7.3,5.7,2.1,3.41,Moderate,Q4_highest
592,5.9,2.7,9.9,0.6,4.9,2.82,Low,Q1_lowest
593,5.0,1.7,5.5,4.5,7.3,2.72,High,Q1_lowest
594,6.3,1.7,8.6,0.1,7.3,3.11,Moderate,Q2
595,7.9,2.5,8.2,1.3,4.1,3.08,Moderate,Q2
596,6.0,3.5,8.7,0.1,5.7,2.95,Moderate,Q2
597,6.2,0.9,6.4,1.5,9.0,2.92,Moderate,Q2
598,8.7,2.4,8.4,0.4,4.1,3.16,High,Q3
599,9.8,3.4,9.0,1.5,0.3,3.49,High,Q4_highest
600,6.0,2.5,8.7,4.4,2.4,3.05,Moderate,Q2
601,7.6,0.3,6.9,5.5,3.7,3.35,Moderate,Q4_highest
602,6.3,1.5,9.5,4.0,2.7,3.42,Moderate,Q4_highest
603,8.9,1.8,8.2,1.3,3.8,3.21,High,Q3
604,7.2,2.6,9.7,0.3,4.2,3.42,Moderate,Q4_highest
605,9.1,1.2,7.2,0.1,6.4,3.37,High,Q4_highest
606,5.3,2.0,9.6,0.6,6.5,2.41,Low,Q1_lowest
607,8.8,1.6,8.3,1.4,3.9,3.26,High,Q3
608,5.4,0.7,8.3,5.3,4.3,2.75,Low,Q1_lowest
609,9.1,2.7,5.6,1.7,4.9,3.15,High,Q3
610,7.6,2.1,6.8,2.1,5.4,2.97,Moderate,Q2
611,9.1,3.2,6.5,4.8,0.4,3.34,High,Q4_highest
612,6.8,2.0,9.7,4.8,0.7,3.09,Moderate,Q2
613,5.5,1.6,7.8,3.0,6.1,2.9,Low,Q1_lowest
614,8.4,3.4,9.3,2.2,0.7,3.2,High,Q3
615,7.2,2.4,5.8,4.0,4.6,3.19,High,Q3
616,6.1,0.5,5.8,0.0,11.6,2.73,High,Q1_lowest
617,8.6,2.9,7.6,0.8,4.1,3.15,High,Q3
618,5.5,0.9,7.6,3.6,6.4,2.57,Low,Q1_lowest
619,6.2,0.2,7.0,1.4,9.2,3.13,Moderate,Q3
620,7.1,1.7,7.7,4.2,3.3,3.48,Moderate,Q4_highest
621,8.5,0.7,7.5,2.5,4.8,3.34,High,Q4_highest
622,7.7,0.5,8.0,0.7,7.1,3.34,Moderate,Q4_highest
623,6.7,0.6,8.5,1.2,7.0,3.18,Moderate,Q3
624,6.0,2.0,7.1,0.1,8.8,2.85,Moderate,Q1_lowest
625,9.0,0.3,7.4,3.4,3.9,3.64,High,Q4_highest
626,6.3,0.0,8.6,3.2,5.9,3.14,Moderate,Q3
627,9.2,3.3,9.2,1.1,1.2,3.6,High,Q4_highest
628,7.3,0.7,9.3,5.3,1.4,2.97,Moderate,Q2
629,7.3,0.3,6.9,4.8,4.7,3.09,Moderate,Q2
630,5.3,3.5,6.9,3.3,5.0,2.81,Low,Q1_lowest
631,9.8,0.3,8.2,0.4,5.3,3.71,High,Q4_highest
632,7.2,4.0,7.8,1.6,3.4,2.98,Moderate,Q2
633,6.1,1.4,6.9,0.4,9.2,2.79,Moderate,Q1_lowest
634,8.6,2.6,8.5,0.0,4.3,2.85,High,Q1_lowest
635,6.1,2.6,7.4,0.0,7.9,3.03,Moderate,Q2
636,7.7,0.3,8.8,3.5,3.7,3.29,Moderate,Q3
637,8.9,3.0,9.0,1.6,1.5,3.42,High,Q4_highest
638,8.1,3.0,5.8,1.2,5.9,3.04,High,Q2
639,9.5,3.0,9.5,1.5,0.5,3.76,High,Q4_highest
640,9.4,2.3,8.2,0.6,3.5,3.62,High,Q4_highest
641,7.4,2.9,6.4,1.2,6.1,2.89,Moderate,Q1_lowest
642,6.1,1.7,9.5,3.0,3.7,2.76,Moderate,Q1_lowest
643,5.9,0.3,8.5,2.3,7.0,2.99,Low,Q2
644,9.0,1.1,8.5,1.4,4.0,3.56,High,Q4_highest
645,9.7,2.5,6.6,1.4,3.8,3.57,High,Q4_highest
646,6.1,2.4,6.3,4.0,5.2,2.73,Moderate,Q1_lowest
647,9.1,3.1,8.8,0.6,2.4,3.42,High,Q4_highest
648,6.8,1.7,5.2,1.6,8.7,2.91,High,Q2
649,5.2,3.5,6.2,3.3,5.8,2.8,Low,Q1_lowest
650,6.6,3.6,9.4,1.4,3.0,2.94,Moderate,Q2
651,9.5,4.0,9.1,1.2,0.2,3.52,High,Q4_highest
652,5.3,0.4,10.0,2.0,6.3,2.49,Low,Q1_lowest
653,8.7,3.2,9.3,2.8,0.0,3.1,High,Q2
654,5.1,1.4,8.9,3.4,5.2,2.72,Low,Q1_lowest
655,6.6,2.6,6.2,0.1,8.5,3.11,Moderate,Q2
656,8.8,0.2,9.2,3.6,2.2,3.59,High,Q4_highest
657,7.8,2.5,9.3,2.6,1.8,3.2,Moderate,Q3
658,8.8,1.8,8.5,1.9,3.0,3.32,High,Q3
659,6.1,2.4,9.6,5.5,0.4,2.99,Moderate,Q2
660,6.1,4.0,9.9,2.6,1.4,2.49,Moderate,Q1_lowest
661,9.0,2.9,8.0,0.2,3.9,3.74,High,Q4_highest
662,8.4,1.5,9.7,0.7,3.7,3.16,High,Q3
663,7.5,2.8,8.5,3.4,1.8,2.98,Moderate,Q2
664,8.2,2.4,5.9,4.2,3.3,3.13,High,Q3
665,7.3,2.7,9.2,0.8,4.0,3.41,Moderate,Q4_highest
666,9.2,3.2,9.8,1.0,0.8,3.55,High,Q4_highest
667,7.4,1.6,5.8,3.4,5.8,3.19,High,Q3
668,7.9,2.4,6.8,0.3,6.6,3.14,Moderate,Q3
669,5.2,1.7,5.4,3.6,8.1,2.55,High,Q1_lowest
670,9.3,3.5,6.0,3.8,1.4,3.52,High,Q4_highest
671,6.4,3.2,10.0,0.1,4.3,3.01,Moderate,Q2
672,9.9,1.9,9.2,0.2,2.8,3.65,High,Q4_highest
673,6.7,0.3,9.9,4.9,2.2,2.96,Moderate,Q2
674,5.4,0.8,6.1,2.8,8.9,2.66,Low,Q1_lowest
675,6.3,0.4,5.8,0.9,10.6,2.93,High,Q2
676,6.4,3.2,6.6,1.8,6.0,3.06,Moderate,Q2
677,6.2,0.5,6.3,2.1,8.9,2.84,Moderate,Q1_lowest
678,6.1,3.2,5.7,2.1,6.9,2.95,High,Q2
679,9.3,0.6,5.4,2.9,5.8,3.51,High,Q4_highest
680,9.0,0.5,7.9,3.0,3.6,2.99,High,Q2
681,5.7,2.5,6.4,2.9,6.5,2.84,Low,Q1_lowest
682,6.5,3.3,5.3,2.5,6.4,2.81,High,Q1_lowest
683,7.3,2.9,7.9,3.9,2.0,3.19,Moderate,Q3
684,6.6,2.2,9.2,5.9,0.1,3.06,Moderate,Q2
685,9.4,1.5,6.0,2.9,4.2,3.4,High,Q4_highest
686,7.4,3.4,6.8,5.2,1.2,3.45,Moderate,Q4_highest
687,7.0,1.3,7.3,4.6,3.8,3.0,Moderate,Q2
688,9.8,0.7,7.8,3.3,2.4,3.41,High,Q4_highest
689,7.4,2.6,6.1,3.3,4.6,3.41,Moderate,Q4_highest
690,5.7,2.3,5.9,1.7,8.4,2.62,High,Q1_lowest
691,6.1,0.7,9.1,1.7,6.4,2.69,Moderate,Q1_lowest
692,6.9,3.2,6.8,0.5,6.6,3.08,Moderate,Q2
693,7.8,3.4,9.0,0.7,3.1,2.95,Moderate,Q2
694,6.1,3.5,6.2,1.6,6.6,3.05,Moderate,Q2
695,5.0,3.5,9.0,3.8,2.7,2.62,Low,Q1_lowest
696,7.3,1.4,5.5,2.9,6.9,3.19,High,Q3
697,9.6,0.2,6.5,1.2,6.5,3.5,High,Q4_highest
698,7.3,1.9,8.8,0.9,5.1,3.06,Moderate,Q2
699,7.4,1.7,8.0,6.0,0.9,3.0,Moderate,Q2
700,9.1,0.7,5.2,1.2,7.8,3.64,High,Q4_highest
701,6.7,2.0,8.1,5.5,1.7,3.11,Moderate,Q2
702,5.3,0.1,7.8,2.6,8.2,3.58,Low,Q4_highest
703,9.2,0.6,5.1,2.7,6.4,3.27,High,Q3
704,8.0,1.1,5.9,2.3,6.7,3.27,High,Q3
705,9.0,1.6,8.8,0.6,4.0,3.2,High,Q3
706,8.4,2.3,9.6,1.4,2.3,3.41,High,Q4_highest
707,5.3,0.1,9.1,3.1,6.4,2.65,Low,Q1_lowest
708,6.7,0.1,9.8,4.0,3.4,3.15,Moderate,Q3
709,9.7,1.1,8.1,3.5,1.6,3.63,High,Q4_highest
710,9.7,3.5,8.7,0.6,1.5,3.36,High,Q4_highest
711,6.4,3.9,5.1,4.3,4.3,3.14,High,Q3
712,10.0,1.2,6.7,0.5,5.6,3.79,High,Q4_highest
713,7.2,1.0,6.7,5.0,4.1,3.21,Moderate,Q3
714,5.3,0.4,5.8,3.6,8.9,2.76,High,Q1_lowest
715,5.8,3.9,7.2,3.0,4.1,2.83,Low,Q1_lowest
716,8.3,3.0,8.8,2.3,1.6,2.92,High,Q2
717,9.5,3.3,8.8,0.1,2.3,3.24,High,Q3
718,7.0,3.5,9.5,3.6,0.4,3.4,Moderate,Q4_highest
719,6.6,2.8,6.4,1.1,7.1,2.88,Moderate,Q1_lowest
720,7.1,3.3,5.6,4.4,3.6,2.85,High,Q1_lowest
721,7.7,1.2,7.5,1.8,5.8,2.88,Moderate,Q1_lowest
722,5.8,0.5,7.7,5.4,4.6,3.27,Low,Q3
723,6.7,2.9,8.3,5.6,0.5,3.06,Moderate,Q2
724,8.3,3.6,7.0,1.7,3.4,3.5,High,Q4_highest
725,5.1,3.3,9.0,0.6,6.0,2.54,Low,Q1_lowest
726,5.6,3.9,6.1,0.4,8.0,3.32,Low,Q3
727,8.0,3.0,5.2,4.0,3.8,3.01,High,Q2
728,5.9,2.3,6.5,5.6,3.7,2.9,Low,Q1_lowest
729,9.1,3.9,6.3,4.6,0.1,2.98,High,Q2
730,5.3,0.2,8.5,2.7,7.3,2.62,Low,Q1_lowest
731,6.1,2.5,6.3,3.5,5.6,3.13,Moderate,Q3
732,9.1,1.9,6.8,2.2,4.0,3.27,High,Q3
733,9.0,1.3,6.0,0.5,7.2,3.05,High,Q2
734,9.2,0.9,6.9,4.9,2.1,2.81,High,Q1_lowest
735,9.1,1.5,7.3,1.8,4.3,3.4,High,Q4_highest
736,7.7,0.1,7.4,2.4,6.4,3.24,Moderate,Q3
737,5.8,2.6,9.9,3.2,2.5,2.8,Low,Q1_lowest
738,7.1,0.5,8.1,5.6,2.7,3.1,Moderate,Q2
739,8.3,0.3,6.8,3.3,5.3,3.48,High,Q4_highest
740,9.1,2.4,6.9,1.4,4.2,3.3,High,Q3
741,5.5,1.4,7.1,4.1,5.9,2.71,Low,Q1_lowest
742,7.0,0.7,5.8,5.0,5.5,3.09,High,Q2
743,5.2,1.7,5.8,5.3,6.0,2.48,High,Q1_lowest
744,7.5,2.9,9.8,0.8,3.0,3.19,Moderate,Q3
745,9.4,3.7,9.6,0.8,0.5,3.16,High,Q3
746,8.8,2.1,8.4,2.0,2.7,3.66,High,Q4_highest
747,8.7,3.3,5.7,5.0,1.3,3.55,High,Q4_highest
748,7.2,1.5,9.6,1.4,4.3,3.11,Moderate,Q2
749,9.2,1.9,7.6,1.6,3.7,3.02,High,Q2
750,5.2,1.1,5.0,5.9,6.8,2.93,High,Q2
751,9.8,1.6,8.6,1.4,2.6,3.68,High,Q4_highest
752,9.7,1.6,8.9,1.0,2.8,3.57,High,Q4_highest
753,10.0,0.1,8.0,3.9,2.0,3.35,High,Q4_highest
754,9.7,0.7,8.1,1.2,4.3,3.53,High,Q4_highest
755,6.5,2.2,7.1,1.0,7.2,2.91,Moderate,Q2
756,8.8,3.6,5.4,2.4,3.8,3.08,High,Q2
757,5.5,0.1,8.3,3.6,6.5,2.73,Low,Q1_lowest
758,5.1,3.3,9.9,0.8,4.9,2.64,Low,Q1_lowest
759,6.2,3.5,9.6,2.0,2.7,2.55,Moderate,Q1_lowest
760,5.1,2.3,5.1,4.7,6.8,3.03,High,Q2
761,6.5,0.2,7.9,2.4,7.0,2.98,Moderate,Q2
762,6.4,2.8,6.4,5.4,3.0,3.05,Moderate,Q2
763,6.9,2.2,5.3,2.6,7.0,3.12,High,Q3
764,6.1,0.9,9.1,5.6,2.3,3.01,Moderate,Q2
765,5.5,1.8,6.7,5.2,4.8,2.24,Low,Q1_lowest
766,6.7,1.6,7.6,1.0,7.1,2.93,Moderate,Q2
767,7.9,3.2,8.8,0.6,3.5,3.09,Moderate,Q2
768,6.8,1.6,8.4,0.3,6.9,2.88,Moderate,Q1_lowest
769,5.2,1.6,8.5,1.2,7.5,2.52,Low,Q1_lowest
770,9.4,3.6,6.5,1.0,3.5,3.57,High,Q4_highest
771,7.1,1.0,8.4,5.0,2.5,3.26,Moderate,Q3
772,7.0,0.6,8.7,2.2,5.5,3.15,Moderate,Q3
773,8.4,1.1,5.4,6.0,3.1,3.44,High,Q4_highest
774,9.3,1.2,7.3,3.7,2.5,3.76,High,Q4_highest
775,7.1,1.7,6.7,3.4,5.1,2.99,Moderate,Q2
776,9.7,2.8,9.1,1.3,1.1,3.54,High,Q4_highest
777,8.9,0.1,9.1,0.2,5.7,3.14,High,Q3
778,8.8,1.0,9.3,0.5,4.4,3.18,High,Q3
779,5.6,3.9,8.4,5.1,1.0,3.08,Low,Q2
780,8.0,2.4,8.4,3.0,2.2,2.96,Moderate,Q2
781,7.1,1.1,8.8,1.4,5.6,2.85,Moderate,Q1_lowest
782,8.1,3.0,6.1,0.4,6.4,3.37,High,Q4_highest
783,5.7,2.4,9.2,0.3,6.4,2.69,Low,Q1_lowest
784,7.4,3.7,6.7,2.8,3.4,3.36,Moderate,Q4_highest
785,5.1,0.3,6.3,0.2,12.1,2.55,Low,Q1_lowest
786,7.7,0.7,6.5,4.0,5.1,3.54,Moderate,Q4_highest
787,9.8,0.2,9.5,2.6,1.9,3.47,High,Q4_highest
788,5.3,0.4,8.0,2.0,8.3,3.37,Low,Q4_highest
789,9.6,1.6,5.7,4.3,2.8,3.49,High,Q4_highest
790,8.5,3.6,9.0,2.0,0.9,2.9,High,Q1_lowest
791,8.4,3.8,6.5,0.0,5.3,3.08,High,Q2
792,8.3,2.5,8.0,0.1,5.1,3.1,High,Q2
793,8.6,1.3,8.3,3.2,2.6,3.11,High,Q2
794,5.5,3.3,9.6,3.6,2.0,2.75,Low,Q1_lowest
795,5.5,1.6,8.6,4.7,3.6,2.64,Low,Q1_lowest
796,6.3,0.1,7.7,5.1,4.8,3.22,Moderate,Q3
797,9.8,2.3,7.6,0.4,3.9,3.04,High,Q2
798,8.0,1.6,6.2,0.6,7.6,3.38,Moderate,Q4_highest
799,6.6,0.4,5.9,5.9,5.2,3.27,High,Q3
800,9.4,4.0,7.9,2.2,0.5,2.91,High,Q2
801,6.6,1.2,7.0,4.0,5.2,2.76,Moderate,Q1_lowest
802,5.7,2.5,5.6,3.5,6.7,3.08,High,Q2
803,8.5,2.8,8.8,3.4,0.5,3.63,High,Q4_highest
804,8.1,0.7,5.1,1.7,8.4,3.21,High,Q3
805,7.2,2.5,9.2,1.0,4.1,3.07,Moderate,Q2
806,7.9,2.2,5.4,0.3,8.2,2.99,High,Q2
807,5.5,2.3,7.7,1.4,7.1,3.05,Low,Q2
808,5.2,2.0,8.4,1.5,6.9,2.88,Low,Q1_lowest
809,6.5,2.5,9.5,4.5,1.0,3.29,Moderate,Q3
810,6.8,2.6,7.3,1.1,6.2,3.13,Moderate,Q3
811,8.5,2.2,6.8,5.5,1.0,3.07,High,Q2
812,8.4,1.6,8.8,2.4,2.8,3.51,High,Q4_highest
813,7.1,3.7,6.3,0.7,6.2,3.15,Moderate,Q3
814,6.9,0.2,6.7,3.0,7.2,3.05,Moderate,Q2
815,5.8,2.6,10.0,2.5,3.1,2.64,Low,Q1_lowest
816,5.6,3.5,7.1,2.3,5.5,2.5,Low,Q1_lowest
817,8.3,1.8,8.2,0.4,5.3,3.33,High,Q3
818,5.8,1.9,8.0,3.5,4.8,2.9,Low,Q1_lowest
819,7.0,1.4,5.6,2.4,7.6,3.15,High,Q3
820,6.0,0.2,7.8,3.6,6.4,2.75,Moderate,Q1_lowest
821,9.4,2.3,6.7,4.5,1.1,3.25,High,Q3
822,7.8,3.6,7.0,1.7,3.9,3.19,Moderate,Q3
823,5.7,0.6,7.2,3.6,6.9,2.96,Low,Q2
824,9.1,0.3,7.4,3.8,3.4,3.66,High,Q4_highest
825,9.1,3.1,6.4,5.1,0.3,3.45,High,Q4_highest
826,7.9,3.7,8.4,1.9,2.1,2.68,Moderate,Q1_lowest
827,9.0,3.8,5.1,5.9,0.2,3.22,High,Q3
828,7.2,2.6,6.9,0.3,7.0,3.0,Moderate,Q2
829,8.0,3.6,6.9,1.2,4.3,3.08,Moderate,Q2
830,9.1,3.3,7.9,1.3,2.4,3.35,High,Q4_highest
831,9.0,2.2,9.1,2.3,1.4,3.44,High,Q4_highest
832,7.1,3.8,7.7,3.3,2.1,3.33,Moderate,Q3
833,6.1,2.5,7.9,1.1,6.4,2.94,Moderate,Q2
834,8.8,2.1,6.1,4.0,3.0,3.2,High,Q3
835,5.4,1.8,5.8,1.1,9.9,2.71,High,Q1_lowest
836,5.3,1.6,7.6,2.9,6.6,2.54,Low,Q1_lowest
837,6.9,3.4,5.7,3.0,5.0,3.37,High,Q4_highest
838,9.4,2.2,9.8,0.1,2.5,3.79,High,Q4_highest
839,5.5,0.2,5.9,3.2,9.2,2.74,High,Q1_lowest
840,9.7,3.4,6.5,0.3,4.1,3.48,High,Q4_highest
841,5.8,0.5,5.6,3.1,9.0,2.73,High,Q1_lowest
842,9.9,2.7,9.7,0.2,1.5,3.23,High,Q3
843,6.9,2.2,5.4,0.0,9.5,3.27,High,Q3
844,7.1,2.0,7.1,0.1,7.7,3.34,Moderate,Q4_highest
845,6.7,0.7,5.5,5.7,5.4,3.31,High,Q3
846,6.6,1.6,6.2,0.6,9.0,3.12,Moderate,Q3
847,5.9,3.2,8.4,3.3,3.2,3.05,Low,Q2
848,5.4,1.1,6.7,4.7,6.1,2.8,Low,Q1_lowest
849,10.0,1.0,9.4,3.0,0.6,3.4,High,Q4_highest
850,7.0,3.9,5.9,4.8,2.4,2.78,High,Q1_lowest
851,6.7,2.9,7.1,3.5,3.8,3.09,Moderate,Q2
852,9.3,0.2,8.5,0.8,5.2,3.49,High,Q4_highest
853,7.1,2.2,7.0,3.1,4.6,2.87,Moderate,Q1_lowest
854,5.7,0.6,9.7,5.3,2.7,3.18,Low,Q3
855,9.5,4.0,6.0,1.6,2.9,3.39,High,Q4_highest
856,7.1,1.4,8.0,3.5,4.0,3.48,Moderate,Q4_highest
857,5.8,1.9,7.8,3.4,5.1,3.01,Low,Q2
858,5.1,1.4,8.9,3.4,5.2,2.6,Low,Q1_lowest
859,6.3,2.8,7.8,4.8,2.3,3.08,Moderate,Q2
860,7.4,0.5,6.3,2.5,7.3,3.4,Moderate,Q4_highest
861,8.0,2.1,6.4,0.0,7.5,2.83,Moderate,Q1_lowest
862,8.7,0.1,7.9,5.6,1.7,3.3,High,Q3
863,5.9,1.9,5.5,3.8,6.9,2.45,High,Q1_lowest
864,7.6,3.6,6.0,0.1,6.7,3.38,Moderate,Q4_highest
865,9.3,2.3,9.5,1.7,1.2,3.34,High,Q4_highest
866,8.7,3.7,7.9,0.7,3.0,3.57,High,Q4_highest
867,6.3,0.8,6.2,1.8,8.9,3.37,Moderate,Q4_highest
868,7.1,2.5,5.4,0.5,8.5,3.33,High,Q3
869,5.9,2.1,6.1,1.7,8.2,3.13,Low,Q3
870,5.1,2.6,8.3,4.8,3.2,2.69,Low,Q1_lowest
871,9.7,0.1,5.8,5.3,3.1,3.92,High,Q4_highest
872,8.3,2.7,9.7,3.3,0.0,2.95,High,Q2
873,8.6,1.1,9.4,0.2,4.7,3.36,High,Q4_highest
874,6.3,0.9,5.7,5.2,5.9,2.9,High,Q1_lowest
875,7.5,2.7,6.2,4.5,3.1,2.97,Moderate,Q2
876,7.1,0.8,9.9,3.9,2.3,3.28,Moderate,Q3
877,9.7,1.2,8.9,3.2,1.0,3.26,High,Q3
878,8.4,2.9,7.9,1.0,3.8,3.2,High,Q3
879,7.5,1.2,7.1,3.9,4.3,2.96,Moderate,Q2
880,7.0,1.1,6.0,4.7,5.2,3.2,Moderate,Q3
881,9.5,1.5,8.8,3.8,0.4,3.36,High,Q4_highest
882,9.8,1.5,6.7,0.4,5.6,3.54,High,Q4_highest
883,7.4,0.4,6.2,1.9,8.1,3.16,Moderate,Q3
884,6.5,3.4,9.3,3.7,1.1,3.02,Moderate,Q2
885,5.7,2.8,9.7,4.0,1.8,2.86,Low,Q1_lowest
886,8.2,2.0,5.6,1.9,6.3,2.81,High,Q1_lowest
887,9.0,3.4,5.7,5.6,0.3,3.59,High,Q4_highest
888,8.8,3.2,9.7,0.7,1.6,3.07,High,Q2
889,9.3,0.5,8.5,4.2,1.5,3.17,High,Q3
890,9.4,0.7,5.3,4.3,4.3,3.57,High,Q4_highest
891,7.4,3.4,6.9,1.0,5.3,3.15,Moderate,Q3
892,5.9,2.9,7.6,3.6,4.0,3.13,Low,Q3
893,7.3,3.3,9.1,3.1,1.2,3.34,Moderate,Q4_highest
894,6.8,3.5,8.6,0.6,4.5,3.23,Moderate,Q3
895,7.0,3.5,5.2,5.8,2.5,3.26,High,Q3
896,6.4,1.0,9.7,1.8,5.1,3.25,Moderate,Q3
897,8.9,1.6,5.7,0.1,7.7,3.42,High,Q4_highest
898,6.8,1.4,6.7,3.1,6.0,3.03,Moderate,Q2
899,7.2,3.5,7.5,2.9,2.9,3.04,Moderate,Q2
900,8.3,2.4,7.1,2.5,3.7,3.22,High,Q3
901,8.9,0.8,9.1,3.4,1.8,3.1,High,Q2
902,6.3,3.0,7.6,1.9,5.2,2.48,Moderate,Q1_lowest
903,8.0,4.0,7.2,4.4,0.4,3.11,Moderate,Q2
904,6.0,1.7,6.1,0.0,10.2,2.87,Moderate,Q1_lowest
905,9.6,3.4,8.7,0.4,1.9,3.5,High,Q4_highest
906,7.2,0.5,7.6,2.1,6.6,3.11,Moderate,Q2
907,6.9,2.5,8.6,0.7,5.3,3.29,Moderate,Q3
908,6.7,1.8,8.4,3.1,4.0,2.92,Moderate,Q2
909,9.3,3.5,5.0,4.7,1.5,3.45,High,Q4_highest
910,7.4,3.9,8.8,1.0,2.9,3.11,Moderate,Q2
911,7.7,4.0,9.3,0.3,2.7,2.96,Moderate,Q2
912,5.0,1.6,6.2,4.9,6.3,3.01,Low,Q2
913,6.7,3.3,5.0,1.8,7.2,2.85,High,Q1_lowest
914,5.3,0.7,7.8,1.7,8.5,2.64,Low,Q1_lowest
915,7.1,1.5,9.4,5.4,0.6,2.65,Moderate,Q1_lowest
916,5.5,3.8,5.3,1.8,7.6,2.81,High,Q1_lowest
917,6.5,1.3,5.8,4.7,5.7,3.04,High,Q2
918,5.6,0.3,9.5,1.1,7.5,2.66,Low,Q1_lowest
919,9.1,2.2,5.4,5.7,1.6,3.48,High,Q4_highest
920,5.8,3.4,5.1,3.1,6.6,2.79,High,Q1_lowest
921,8.8,3.7,9.5,1.6,0.4,3.29,High,Q3
922,6.4,1.2,6.9,2.4,7.1,3.0,Moderate,Q2
923,7.7,0.6,8.5,1.0,6.2,3.16,Moderate,Q3
924,9.0,3.0,8.2,0.6,3.2,2.96,High,Q2
925,7.7,0.3,6.9,2.5,6.6,3.08,Moderate,Q2
926,5.9,1.6,9.7,0.8,6.0,2.86,Low,Q1_lowest
927,8.8,0.4,9.9,1.9,3.0,3.19,High,Q3
928,8.1,0.8,5.7,5.6,3.8,3.45,High,Q4_highest
929,9.6,3.5,8.1,2.3,0.5,3.4,High,Q4_highest
930,6.6,2.5,6.8,0.9,7.2,2.88,Moderate,Q1_lowest
931,8.0,3.3,6.9,0.8,5.0,3.08,Moderate,Q2
932,6.5,2.6,8.0,4.2,2.7,2.83,Moderate,Q1_lowest
933,6.8,3.3,6.0,2.8,5.1,2.92,Moderate,Q2
934,5.5,3.5,6.7,4.1,4.2,2.92,Low,Q2
935,5.1,2.8,6.6,0.3,9.2,2.49,Low,Q1_lowest
936,6.9,0.3,5.7,1.8,9.3,3.15,High,Q3
937,5.4,3.6,5.0,2.9,7.1,2.74,High,Q1_lowest
938,9.6,0.6,9.8,0.8,3.2,3.29,High,Q3
939,8.7,2.2,9.4,2.0,1.7,3.03,High,Q2
940,5.8,3.7,6.6,2.2,5.7,2.9,Low,Q1_lowest
941,8.8,1.4,9.8,3.0,1.0,3.51,High,Q4_highest
942,5.2,1.0,7.3,1.4,9.1,2.83,Low,Q1_lowest
943,8.7,3.7,7.1,1.5,3.0,3.29,High,Q3
944,7.4,1.4,9.5,3.2,2.5,3.22,Moderate,Q3
945,8.8,3.2,6.7,2.3,3.0,3.24,High,Q3
946,9.0,3.8,8.1,2.3,0.8,3.55,High,Q4_highest
947,9.0,3.4,7.0,0.2,4.4,3.68,High,Q4_highest
948,7.3,3.0,6.8,3.8,3.1,2.91,Moderate,Q2
949,5.9,3.0,7.7,1.2,6.2,3.09,Low,Q2
950,7.4,0.9,9.8,4.2,1.7,2.94,Moderate,Q2
951,9.8,1.7,7.4,4.6,0.5,3.84,High,Q4_highest
952,6.3,1.8,5.6,1.2,9.1,2.99,High,Q2
953,5.0,0.2,9.9,1.5,7.4,2.94,Low,Q2
954,7.8,0.6,8.6,3.6,3.4,3.26,Moderate,Q3
955,8.7,3.1,9.9,1.3,1.0,3.55,High,Q4_highest
956,5.3,3.6,5.6,2.0,7.5,2.53,High,Q1_lowest
957,9.1,2.4,7.0,2.6,2.9,3.28,High,Q3
958,9.3,0.4,8.9,4.6,0.8,3.58,High,Q4_highest
959,5.9,1.7,5.8,4.2,6.4,3.32,High,Q3
960,6.0,0.8,5.2,1.9,10.1,3.01,High,Q2
961,7.8,3.4,8.3,2.0,2.5,3.18,Moderate,Q3
962,6.3,0.2,8.6,0.7,8.2,3.1,Moderate,Q2
963,6.5,2.1,7.8,3.6,4.0,2.9,Moderate,Q1_lowest
964,8.1,3.9,8.6,3.1,0.3,2.99,High,Q2
965,8.8,2.4,6.0,4.0,2.8,3.59,High,Q4_highest
966,7.4,2.1,6.7,3.1,4.7,3.44,Moderate,Q4_highest
967,6.0,3.2,5.9,0.5,8.4,3.28,High,Q3
968,7.2,1.1,7.8,2.1,5.8,2.93,Moderate,Q2
969,9.7,3.7,7.5,1.0,2.1,3.04,High,Q2
970,9.6,0.0,7.8,4.4,2.2,3.38,High,Q4_highest
971,7.4,0.3,9.9,3.1,3.3,2.84,Moderate,Q1_lowest
972,7.4,1.7,5.4,0.6,8.9,3.23,High,Q3
973,9.2,1.0,6.0,3.0,4.8,3.18,High,Q3
974,5.2,0.2,9.2,0.7,8.7,2.82,Low,Q1_lowest
975,5.2,1.8,9.2,1.6,6.2,2.68,Low,Q1_lowest
976,7.2,2.3,7.9,2.0,4.6,3.06,Moderate,Q2
977,6.6,0.4,6.8,0.6,9.6,3.31,Moderate,Q3
978,6.4,2.5,7.3,2.9,4.9,3.12,Moderate,Q3
979,8.8,1.1,6.6,5.5,2.0,3.32,High,Q3
980,9.6,2.4,7.7,1.1,3.2,3.3,High,Q3
981,6.7,3.4,7.8,3.1,3.0,2.98,Moderate,Q2
982,8.0,0.3,8.4,5.6,1.7,3.28,Moderate,Q3
983,7.9,0.5,7.9,4.6,3.1,3.38,Moderate,Q4_highest
984,8.2,3.6,8.1,0.5,3.6,3.18,High,Q3
985,6.5,0.8,9.5,4.6,2.6,2.74,Moderate,Q1_lowest
986,5.9,3.0,7.4,1.4,6.3,3.1,Low,Q2
987,8.1,0.2,6.6,2.8,6.3,3.14,High,Q3
988,6.0,3.1,7.1,3.4,4.4,2.84,Moderate,Q1_lowest
989,5.1,0.1,7.2,4.9,6.7,2.94,Low,Q2
990,6.9,3.3,5.7,5.6,2.5,3.05,High,Q2
991,8.8,3.8,8.4,1.1,1.9,3.3,High,Q3
992,6.7,2.8,8.8,5.3,0.4,3.05,Moderate,Q2
993,6.0,3.2,8.7,0.4,5.7,2.6,Moderate,Q1_lowest
994,6.5,3.9,8.2,3.9,1.5,2.82,Moderate,Q1_lowest
995,9.9,1.5,9.0,1.6,2.0,3.44,High,Q4_highest
996,9.7,0.9,6.6,4.5,2.3,3.5,High,Q4_highest
997,7.0,2.4,7.2,4.5,2.9,3.0,Moderate,Q2
998,5.8,1.4,7.0,0.3,9.5,2.49,Low,Q1_lowest
999,7.9,3.5,5.8,3.6,3.2,3.01,High,Q2
1000,8.5,1.6,7.5,0.0,6.4,3.63,High,Q4_highest
1001,8.5,2.6,5.2,2.2,5.5,3.26,High,Q3
1002,7.5,3.6,8.6,2.5,1.8,3.19,Moderate,Q3
1003,9.0,3.5,7.3,2.0,2.2,3.43,High,Q4_highest
1004,8.5,0.3,9.3,2.8,3.1,3.26,High,Q3
1005,5.3,2.2,7.1,5.3,4.1,2.9,Low,Q1_lowest
1006,7.8,0.2,9.9,3.1,3.0,3.07,Moderate,Q2
1007,6.5,1.9,9.3,1.8,4.5,2.92,Moderate,Q2
1008,6.5,3.1,7.4,1.4,5.6,2.93,Moderate,Q2
1009,5.8,1.3,9.7,2.1,5.1,2.87,Low,Q1_lowest
1010,5.9,3.6,7.3,4.3,2.9,2.95,Low,Q2
1011,9.9,0.2,5.5,4.3,4.1,3.32,High,Q3
1012,5.2,0.1,8.9,0.8,9.0,2.66,Low,Q1_lowest
1013,7.3,2.4,7.1,0.2,7.0,3.17,Moderate,Q3
1014,7.2,2.1,7.4,2.3,5.0,3.13,Moderate,Q3
1015,9.4,3.6,6.7,2.6,1.7,2.81,High,Q1_lowest
1016,6.4,3.8,5.7,3.5,4.6,3.07,High,Q2
1017,6.4,1.1,7.0,6.0,3.5,2.98,Moderate,Q2
1018,5.4,0.6,7.2,3.1,7.7,2.68,Low,Q1_lowest
1019,6.3,1.3,5.4,1.8,9.2,3.1,High,Q2
1020,9.5,0.0,9.1,5.1,0.3,3.05,High,Q2
1021,5.5,0.6,9.8,3.2,4.9,3.2,Low,Q3
1022,8.7,4.0,6.4,2.6,2.3,3.21,High,Q3
1023,7.7,1.6,5.8,5.9,3.0,3.15,High,Q3
1024,8.0,0.9,7.7,4.2,3.2,3.44,Moderate,Q4_highest
1025,7.6,4.0,8.1,1.6,2.7,3.02,Moderate,Q2
1026,6.9,1.4,7.2,4.7,3.8,3.14,Moderate,Q3
1027,7.4,3.2,7.9,1.9,3.6,2.99,Moderate,Q2
1028,6.1,2.0,6.3,0.1,9.5,3.05,Moderate,Q2
1029,8.2,2.0,7.2,5.8,0.8,3.45,High,Q4_highest
1030,5.7,2.3,9.3,3.5,3.2,2.9,Low,Q1_lowest
1031,8.6,1.5,5.5,2.7,5.7,3.49,High,Q4_highest
1032,6.2,3.9,9.8,1.0,3.1,2.87,Moderate,Q1_lowest
1033,6.7,3.6,9.8,1.7,2.2,3.06,Moderate,Q2
1034,8.4,1.1,8.7,0.3,5.5,2.86,High,Q1_lowest
1035,5.2,1.5,6.8,1.9,8.6,2.38,Low,Q1_lowest
1036,6.0,1.2,9.9,2.5,4.4,2.88,Moderate,Q1_lowest
1037,7.2,2.3,9.9,1.1,3.5,3.31,Moderate,Q3
1038,8.0,0.4,8.4,0.4,6.8,3.39,Moderate,Q4_highest
1039,8.0,3.0,6.1,5.0,1.9,2.9,Moderate,Q1_lowest
1040,5.7,3.8,5.4,1.2,7.9,2.81,High,Q1_lowest
1041,6.7,2.5,7.7,0.8,6.3,2.81,Moderate,Q1_lowest
1042,6.1,1.6,8.5,1.3,6.5,2.76,Moderate,Q1_lowest
1043,6.8,1.6,9.9,5.4,0.3,2.89,Moderate,Q1_lowest
1044,5.3,1.3,6.3,3.0,8.1,2.94,Low,Q2
1045,8.9,3.4,9.2,0.9,1.6,3.11,High,Q2
1046,5.3,2.8,5.0,2.5,8.4,3.02,High,Q2
1047,6.6,2.8,8.8,1.8,4.0,2.87,Moderate,Q1_lowest
1048,7.2,2.9,8.5,5.3,0.1,3.26,Moderate,Q3
1049,6.1,2.6,8.0,5.5,1.8,3.01,Moderate,Q2
1050,7.8,1.1,7.4,2.0,5.7,3.04,Moderate,Q2
1051,7.9,3.6,7.8,3.0,1.7,3.05,Moderate,Q2
1052,6.2,2.0,6.6,1.1,8.1,2.94,Moderate,Q2
1053,7.5,1.3,6.3,2.8,6.1,3.21,Moderate,Q3
1054,5.5,3.1,9.0,4.6,1.8,2.97,Low,Q2
1055,5.6,2.6,9.2,3.5,3.1,2.72,Low,Q1_lowest
1056,7.6,0.1,8.2,0.5,7.6,3.56,Moderate,Q4_highest
1057,7.2,1.2,7.7,0.8,7.1,3.28,Moderate,Q3
1058,5.8,0.4,5.7,5.3,6.8,3.0,High,Q2
1059,7.6,1.9,5.5,3.9,5.1,3.17,High,Q3
1060,8.1,0.3,5.6,0.3,9.7,3.25,High,Q3
1061,6.3,0.5,6.3,2.3,8.6,2.97,Moderate,Q2
1062,9.2,2.8,5.6,4.4,2.0,3.5,High,Q4_highest
1063,6.4,2.6,6.7,6.0,2.3,2.78,Moderate,Q1_lowest
1064,9.7,0.1,8.5,4.1,1.6,3.26,High,Q3
1065,9.2,3.9,9.9,0.1,0.9,3.48,High,Q4_highest
1066,8.2,0.5,8.3,5.9,1.1,3.44,High,Q4_highest
1067,9.6,1.8,5.2,2.2,5.2,3.55,High,Q4_highest
1068,7.3,0.2,7.1,2.8,6.6,3.27,Moderate,Q3
1069,9.6,2.6,6.6,2.7,2.5,3.37,High,Q4_highest
1070,6.8,2.7,8.3,4.3,1.9,2.58,Moderate,Q1_lowest
1071,6.3,1.3,5.6,3.9,6.9,2.97,High,Q2
1072,9.3,3.6,7.2,1.8,2.1,3.3,High,Q3
1073,5.4,2.7,9.1,1.5,5.3,3.04,Low,Q2
1074,9.4,1.0,7.8,1.1,4.7,3.36,High,Q4_highest
1075,5.5,3.6,9.1,4.4,1.4,2.44,Low,Q1_lowest
1076,7.7,0.4,8.8,3.5,3.6,3.0,Moderate,Q2
1077,5.9,0.8,5.9,0.3,11.1,3.11,High,Q2
1078,5.1,0.2,7.9,4.9,5.9,2.82,Low,Q1_lowest
1079,6.6,1.4,8.0,1.6,6.4,3.23,Moderate,Q3
1080,8.7,2.7,6.0,2.1,4.5,3.67,High,Q4_highest
1081,5.6,0.5,8.4,5.2,4.3,2.86,Low,Q1_lowest
1082,5.9,0.4,9.1,3.5,5.1,2.96,Low,Q2
1083,8.1,3.1,8.5,3.6,0.7,3.12,High,Q3
1084,8.2,1.3,9.8,0.2,4.5,3.38,High,Q4_highest
1085,7.9,0.7,8.6,1.1,5.7,3.18,Moderate,Q3
1086,9.6,0.8,5.7,4.6,3.3,3.12,High,Q3
1087,7.5,3.6,5.7,3.9,3.3,3.01,High,Q2
1088,8.4,2.4,8.8,1.4,3.0,3.17,High,Q3
1089,7.2,1.6,9.9,1.5,3.8,2.89,Moderate,Q1_lowest
1090,7.8,1.0,9.6,1.5,4.1,2.9,Moderate,Q1_lowest
1091,9.5,0.4,8.3,5.3,0.5,3.56,High,Q4_highest
1092,8.4,1.2,5.9,1.8,6.7,3.25,High,Q3
1093,5.5,0.6,5.5,2.5,9.9,2.74,High,Q1_lowest
1094,5.7,2.6,6.0,0.6,9.1,2.92,Low,Q2
1095,5.8,3.7,9.1,1.9,3.5,2.97,Low,Q2
1096,8.4,2.7,8.1,1.3,3.5,3.68,High,Q4_highest
1097,5.2,1.8,9.5,3.4,4.1,2.88,Low,Q1_lowest
1098,8.4,3.9,9.9,1.2,0.6,3.08,High,Q2
1099,6.2,3.2,5.5,4.7,4.4,2.89,High,Q1_lowest
1100,8.2,1.7,7.2,1.9,5.0,3.38,High,Q4_highest
1101,8.8,3.7,9.7,0.3,1.5,3.39,High,Q4_highest
1102,6.3,0.3,6.3,5.5,5.6,3.06,Moderate,Q2
1103,8.2,2.9,6.3,4.3,2.3,3.21,High,Q3
1104,8.1,0.6,9.1,1.4,4.8,3.15,High,Q3
1105,8.3,1.6,8.0,0.6,5.5,3.4,High,Q4_highest
1106,10.0,0.8,6.3,4.0,2.9,3.39,High,Q4_highest
1107,9.8,3.7,7.5,2.4,0.6,3.35,High,Q4_highest
1108,6.4,3.3,6.9,0.5,6.9,2.9,Moderate,Q1_lowest
1109,6.7,3.9,8.1,2.2,3.1,2.89,Moderate,Q1_lowest
1110,5.4,0.2,5.6,3.5,9.3,2.98,High,Q2
1111,9.6,2.0,9.2,1.4,1.8,3.64,High,Q4_highest
1112,5.9,1.4,8.2,0.4,8.1,3.07,Low,Q2
1113,6.8,2.1,10.0,2.4,2.7,2.96,Moderate,Q2
1114,9.0,2.4,9.4,1.3,1.9,3.61,High,Q4_highest
1115,8.0,2.5,7.1,0.9,5.5,3.13,Moderate,Q3
1116,6.1,2.9,6.6,3.0,5.4,3.01,Moderate,Q2
1117,5.8,3.8,9.3,4.4,0.7,3.16,Low,Q3
1118,5.7,0.0,5.1,3.5,9.7,2.75,High,Q1_lowest
1119,7.3,2.1,5.0,2.5,7.1,3.0,High,Q2
1120,8.7,0.9,9.1,3.1,2.2,3.65,High,Q4_highest
1121,6.1,0.9,8.1,5.0,3.9,2.61,Moderate,Q1_lowest
1122,9.3,2.7,7.2,2.3,2.5,3.29,High,Q3
1123,6.0,2.5,6.8,6.0,2.7,2.5,Moderate,Q1_lowest
1124,7.8,3.7,9.0,1.6,1.9,2.6,Moderate,Q1_lowest
1125,8.6,2.3,7.5,1.1,4.5,2.97,High,Q2
1126,9.6,1.3,9.8,1.8,1.5,3.39,High,Q4_highest
1127,8.2,2.2,5.6,2.3,5.7,3.28,High,Q3
1128,7.2,3.1,6.1,1.0,6.6,2.92,Moderate,Q2
1129,7.0,3.7,8.6,2.0,2.7,2.88,Moderate,Q1_lowest
1130,9.9,2.7,6.4,2.9,2.1,3.49,High,Q4_highest
1131,5.5,3.9,5.9,3.9,4.8,2.99,High,Q2
1132,8.9,2.7,8.1,3.8,0.5,3.14,High,Q3
1133,5.4,1.3,6.2,5.9,5.2,3.1,Low,Q2
1134,8.4,0.8,6.2,1.7,6.9,3.12,High,Q3
1135,7.1,0.9,5.1,5.3,5.6,3.05,High,Q2
1136,6.7,0.0,8.4,5.0,3.9,3.05,Moderate,Q2
1137,5.7,0.6,9.0,3.7,5.0,2.88,Low,Q1_lowest
1138,6.5,1.5,8.8,4.9,2.3,2.88,Moderate,Q1_lowest
1139,7.0,3.8,7.0,4.6,1.6,3.24,Moderate,Q3
1140,9.5,0.3,9.7,3.7,0.8,3.42,High,Q4_highest
1141,9.0,0.8,9.0,4.4,0.8,3.37,High,Q4_highest
1142,5.2,0.6,7.7,3.5,7.0,2.77,Low,Q1_lowest
1143,8.2,0.1,9.8,0.3,5.6,3.37,High,Q4_highest
1144,8.3,3.3,5.1,3.3,4.0,3.27,High,Q3
1145,7.3,2.0,5.4,4.1,5.2,3.41,High,Q4_highest
1146,7.4,0.6,8.2,1.0,6.8,3.11,Moderate,Q2
1147,9.4,2.5,5.8,5.8,0.5,3.25,High,Q3
1148,8.1,1.0,9.0,4.8,1.1,3.22,High,Q3
1149,9.9,2.0,7.3,3.6,1.2,3.51,High,Q4_highest
1150,7.7,0.4,7.1,5.1,3.7,2.94,Moderate,Q2
1151,9.3,0.4,5.5,1.6,7.2,3.29,High,Q3
1152,8.1,1.4,8.9,1.3,4.3,3.27,High,Q3
1153,8.2,0.9,8.6,5.2,1.1,3.03,High,Q2
1154,7.1,0.6,8.5,4.6,3.2,3.11,Moderate,Q2
1155,5.5,2.0,9.1,5.6,1.8,2.95,Low,Q2
1156,7.7,1.6,9.2,2.7,2.8,3.16,Moderate,Q3
1157,7.4,2.0,9.2,4.5,0.9,2.77,Moderate,Q1_lowest
1158,7.5,2.3,6.2,4.8,3.2,2.93,Moderate,Q2
1159,7.4,1.3,5.5,1.4,8.4,3.09,High,Q2
1160,5.8,1.8,6.5,0.2,9.7,2.92,Low,Q2
1161,6.6,2.2,7.8,2.1,5.3,3.09,Moderate,Q2
1162,6.9,1.0,6.2,2.7,7.2,3.02,Moderate,Q2
1163,8.8,0.8,8.5,0.1,5.8,3.61,High,Q4_highest
1164,6.7,2.3,6.0,4.5,4.5,2.92,Moderate,Q2
1165,5.3,3.4,6.0,5.2,4.1,3.06,Low,Q2
1166,6.6,3.6,5.6,1.1,7.1,2.82,High,Q1_lowest
1167,7.5,0.3,6.0,5.7,4.5,3.11,Moderate,Q2
1168,9.6,2.2,6.3,4.1,1.8,3.49,High,Q4_highest
1169,8.3,4.0,6.3,3.6,1.8,3.36,High,Q4_highest
1170,7.5,1.2,5.8,1.7,7.8,3.25,High,Q3
1171,6.9,3.0,7.7,0.5,5.9,3.17,Moderate,Q3
1172,8.2,3.2,7.3,1.9,3.4,3.2,High,Q3
1173,5.5,3.5,8.9,1.0,5.1,2.3,Low,Q1_lowest
1174,8.1,3.8,7.9,2.3,1.9,3.72,High,Q4_highest
1175,5.3,0.3,5.9,0.2,12.3,2.97,High,Q2
1176,5.7,3.3,5.8,1.8,7.4,3.04,High,Q2
1177,6.2,1.5,6.3,2.9,7.1,2.97,Moderate,Q2
1178,5.3,0.6,5.3,3.8,9.0,2.79,High,Q1_lowest
1179,5.3,3.3,7.6,3.2,4.6,2.55,Low,Q1_lowest
1180,6.0,1.3,8.0,1.3,7.4,2.95,Moderate,Q2
1181,5.6,3.9,5.1,4.8,4.6,2.7,High,Q1_lowest
1182,5.7,0.6,8.5,3.9,5.3,3.05,Low,Q2
1183,8.9,3.7,8.5,0.5,2.4,3.46,High,Q4_highest
1184,6.0,0.3,8.5,2.4,6.8,2.81,Moderate,Q1_lowest
1185,9.6,2.6,5.5,5.7,0.6,3.28,High,Q3
1186,7.0,0.2,7.5,0.7,8.6,2.81,Moderate,Q1_lowest
1187,7.0,1.4,8.9,4.8,1.9,2.97,Moderate,Q2
1188,6.9,0.6,9.0,4.2,3.3,2.83,Moderate,Q1_lowest
1189,6.0,1.5,5.5,3.8,7.2,2.8,High,Q1_lowest
1190,7.9,3.6,7.8,0.8,3.9,3.45,Moderate,Q4_highest
1191,6.9,3.4,8.2,3.6,1.9,3.37,Moderate,Q4_highest
1192,8.8,2.4,5.8,4.8,2.2,3.38,High,Q4_highest
1193,8.6,0.3,7.3,1.0,6.8,3.51,High,Q4_highest
1194,8.1,2.7,9.2,0.9,3.1,2.78,High,Q1_lowest
1195,5.6,3.4,5.8,5.8,3.4,2.84,High,Q1_lowest
1196,9.9,0.4,6.5,3.8,3.4,3.73,High,Q4_highest
1197,6.8,3.7,5.3,3.3,4.9,3.37,High,Q4_highest
1198,6.3,1.5,9.2,1.2,5.8,3.15,Moderate,Q3
1199,9.1,2.3,8.8,2.7,1.1,3.43,High,Q4_highest
1200,9.3,1.7,9.8,1.4,1.8,3.12,High,Q3
1201,5.7,1.6,9.8,1.9,5.0,2.72,Low,Q1_lowest
1202,8.6,1.2,8.9,2.3,3.0,3.24,High,Q3
1203,7.4,3.1,6.9,2.7,3.9,2.82,Moderate,Q1_lowest
1204,7.6,3.2,6.8,3.1,3.3,2.87,Moderate,Q1_lowest
1205,8.4,1.1,6.4,5.6,2.5,3.37,High,Q4_highest
1206,8.2,0.1,8.1,3.1,4.5,3.56,High,Q4_highest
1207,7.7,1.4,5.4,1.2,8.3,3.13,High,Q3
1208,7.3,0.2,5.2,4.3,7.0,3.21,High,Q3
1209,7.7,2.0,6.2,4.5,3.6,3.07,Moderate,Q2
1210,7.3,1.1,6.2,3.9,5.5,3.0,Moderate,Q2
1211,8.3,3.3,7.1,0.4,4.9,3.56,High,Q4_highest
1212,5.0,2.1,5.2,3.4,8.3,2.9,High,Q1_lowest
1213,9.6,3.9,7.7,1.3,1.5,3.47,High,Q4_highest
1214,5.3,1.9,6.2,2.8,7.8,2.87,Low,Q1_lowest
1215,7.3,2.3,6.8,1.0,6.6,3.35,Moderate,Q4_highest
1216,8.3,1.4,9.7,4.2,0.4,3.25,High,Q3
1217,6.0,0.2,8.7,5.0,4.1,3.04,Moderate,Q2
1218,5.1,1.0,7.3,3.8,6.8,3.24,Low,Q3
1219,7.8,3.0,6.4,3.4,3.4,3.14,Moderate,Q3
1220,8.8,2.8,10.0,0.7,1.7,3.16,High,Q3
1221,7.5,1.3,7.2,5.1,2.9,3.27,Moderate,Q3
1222,6.0,3.5,5.3,5.3,3.9,2.97,High,Q2
1223,6.6,1.3,7.6,5.6,2.9,2.96,Moderate,Q2
1224,9.3,1.6,6.0,2.5,4.6,3.31,High,Q3
1225,6.9,3.7,8.8,2.3,2.3,3.03,Moderate,Q2
1226,5.3,1.0,7.2,0.9,9.6,2.85,Low,Q1_lowest
1227,9.7,3.1,6.3,2.9,2.0,3.5,High,Q4_highest
1228,9.4,2.1,8.9,2.0,1.6,3.43,High,Q4_highest
1229,7.8,0.5,5.6,3.2,6.9,3.36,High,Q4_highest
1230,9.8,1.9,5.3,3.3,3.7,3.93,High,Q4_highest
1231,9.2,4.0,7.2,1.2,2.4,3.1,High,Q2
1232,5.2,1.4,6.3,4.1,7.0,3.12,Low,Q3
1233,9.7,1.1,9.1,0.2,3.9,3.3,High,Q3
1234,9.7,3.1,8.3,2.4,0.5,3.47,High,Q4_highest
1235,8.2,3.9,8.6,3.1,0.2,3.02,High,Q2
1236,7.6,0.5,8.0,2.9,5.0,3.15,Moderate,Q3
1237,8.1,0.0,6.0,2.9,7.0,3.19,High,Q3
1238,7.1,2.9,8.0,1.8,4.2,3.17,Moderate,Q3
1239,7.1,0.9,9.8,0.8,5.4,3.01,Moderate,Q2
1240,6.1,3.1,6.0,0.5,8.3,2.9,Moderate,Q1_lowest
1241,7.4,0.0,5.4,4.8,6.4,3.14,High,Q3
1242,9.3,2.7,5.3,4.7,2.0,3.41,High,Q4_highest
1243,9.2,3.2,7.5,1.0,3.1,3.48,High,Q4_highest
1244,9.9,0.6,6.1,1.3,6.1,3.63,High,Q4_highest
1245,9.0,0.7,5.3,6.0,3.0,3.56,High,Q4_highest
1246,7.8,3.6,9.6,0.0,3.0,3.09,Moderate,Q2
1247,5.4,1.0,8.3,5.3,4.0,3.27,Low,Q3
1248,5.9,3.2,9.8,1.4,3.7,2.71,Low,Q1_lowest
1249,7.5,0.3,7.8,3.0,5.4,3.09,Moderate,Q2
1250,6.7,2.1,7.9,0.1,7.2,2.78,Moderate,Q1_lowest
1251,8.8,2.9,6.8,0.3,5.2,3.17,High,Q3
1252,5.9,2.3,5.8,2.1,7.9,2.66,High,Q1_lowest
1253,8.5,2.2,6.9,2.5,3.9,3.25,High,Q3
1254,5.4,3.5,5.4,4.2,5.5,2.81,High,Q1_lowest
1255,9.6,1.1,6.9,3.4,3.0,3.37,High,Q4_highest
1256,8.3,1.6,7.4,0.3,6.4,3.29,High,Q3
1257,6.0,3.2,7.3,1.8,5.7,3.11,Moderate,Q2
1258,8.7,1.1,5.6,1.5,7.1,3.24,High,Q3
1259,9.6,2.3,7.7,2.6,1.8,3.67,High,Q4_highest
1260,7.6,0.5,5.6,3.2,7.1,3.04,High,Q2
1261,9.7,1.2,9.3,2.9,0.9,3.51,High,Q4_highest
1262,6.0,1.5,7.5,4.4,4.6,2.8,Moderate,Q1_lowest
1263,5.6,1.6,7.4,3.2,6.2,2.75,Low,Q1_lowest
1264,9.0,2.8,7.8,3.1,1.3,3.43,High,Q4_highest
1265,7.1,0.6,8.3,3.1,4.9,2.79,Moderate,Q1_lowest
1266,9.5,2.3,5.4,2.7,4.1,3.67,High,Q4_highest
1267,8.8,3.2,7.5,4.0,0.5,3.2,High,Q3
1268,9.5,3.6,8.4,2.1,0.4,3.11,High,Q2
1269,5.4,3.5,6.6,1.1,7.4,2.72,Low,Q1_lowest
1270,6.3,1.3,5.7,1.8,8.9,2.65,High,Q1_lowest
1271,7.9,1.8,6.7,4.5,3.1,3.24,Moderate,Q3
1272,6.7,3.0,5.8,0.8,7.7,3.09,High,Q2
1273,6.7,3.2,6.2,0.4,7.5,2.74,Moderate,Q1_lowest
1274,7.8,2.1,8.3,1.4,4.4,3.31,Moderate,Q3
1275,9.3,1.2,8.5,0.1,4.9,3.1,High,Q2
1276,7.7,0.3,9.0,1.3,5.7,2.9,Moderate,Q1_lowest
1277,8.4,3.2,7.8,3.4,1.2,3.02,High,Q2
1278,9.0,1.2,7.9,4.4,1.5,3.62,High,Q4_highest
1279,6.9,1.2,7.3,4.9,3.7,3.05,Moderate,Q2
1280,8.3,3.6,5.5,1.4,5.2,3.4,High,Q4_highest
1281,8.5,3.3,9.3,1.2,1.7,3.25,High,Q3
1282,6.2,1.2,8.9,0.5,7.2,2.76,Moderate,Q1_lowest
1283,9.1,1.7,8.0,0.5,4.7,3.23,High,Q3
1284,9.8,3.2,7.3,0.8,2.9,3.42,High,Q4_highest
1285,9.7,1.4,5.8,3.4,3.7,3.67,High,Q4_highest
1286,7.4,4.0,8.4,0.3,3.9,3.15,Moderate,Q3
1287,10.0,1.6,6.4,3.3,2.7,3.39,High,Q4_highest
1288,5.0,1.8,9.2,3.4,4.6,2.7,Low,Q1_lowest
1289,10.0,1.1,6.4,1.0,5.5,3.4,High,Q4_highest
1290,9.0,3.6,9.9,0.3,1.2,3.19,High,Q3
1291,9.4,1.3,5.6,5.2,2.5,3.2,High,Q3
1292,7.1,1.1,8.7,2.7,4.4,3.15,Moderate,Q3
1293,9.9,0.2,6.8,2.9,4.2,3.09,High,Q2
1294,8.6,3.5,9.7,1.8,0.4,3.3,High,Q3
1295,9.3,2.2,9.1,1.0,2.4,3.07,High,Q2
1296,7.3,1.1,9.8,1.8,4.0,2.91,Moderate,Q2
1297,5.5,2.1,5.3,0.7,10.4,2.79,High,Q1_lowest
1298,7.2,3.2,8.7,2.1,2.8,2.78,Moderate,Q1_lowest
1299,6.7,1.3,8.9,0.3,6.8,2.79,Moderate,Q1_lowest
1300,6.2,3.7,9.3,3.4,1.4,2.92,Moderate,Q2
1301,7.4,2.1,9.9,4.4,0.2,3.23,Moderate,Q3
1302,6.0,0.9,8.4,2.4,6.3,2.79,Moderate,Q1_lowest
1303,9.7,0.4,7.6,5.5,0.8,3.73,High,Q4_highest
1304,5.8,3.9,9.6,0.8,3.9,2.57,Low,Q1_lowest
1305,5.6,0.3,9.5,1.2,7.4,2.57,Low,Q1_lowest
1306,8.0,0.3,6.1,5.6,4.0,2.76,Moderate,Q1_lowest
1307,9.5,3.1,5.1,2.0,4.3,3.14,High,Q3
1308,9.5,2.5,5.4,5.5,1.1,3.59,High,Q4_highest
1309,9.8,0.3,7.7,1.8,4.4,3.23,High,Q3
1310,7.9,3.8,7.5,0.4,4.4,3.11,Moderate,Q2
1311,8.1,1.4,9.3,2.3,2.9,3.11,High,Q2
1312,8.8,1.1,8.8,1.1,4.2,3.22,High,Q3
1313,6.6,1.9,9.7,5.4,0.4,2.88,Moderate,Q1_lowest
1314,5.7,2.0,7.3,5.4,3.6,2.62,Low,Q1_lowest
1315,9.7,1.5,7.5,4.8,0.5,3.3,High,Q3
1316,6.1,0.8,5.2,3.9,8.0,2.56,High,Q1_lowest
1317,6.3,0.2,6.2,4.8,6.5,2.93,Moderate,Q2
1318,7.1,3.9,6.0,1.3,5.7,3.3,Moderate,Q3
1319,6.5,0.7,6.9,5.5,4.4,2.71,Moderate,Q1_lowest
1320,9.7,0.2,6.1,3.4,4.6,3.81,High,Q4_highest
1321,8.1,0.2,7.0,3.9,4.8,3.41,High,Q4_highest
1322,6.6,0.4,7.1,0.8,9.1,3.27,Moderate,Q3
1323,9.7,1.9,6.6,4.4,1.4,3.06,High,Q2
1324,9.1,3.5,8.4,0.1,2.9,3.36,High,Q4_highest
1325,7.8,3.1,5.7,1.4,6.0,3.14,High,Q3
1326,7.2,0.0,9.1,2.2,5.5,3.41,Moderate,Q4_highest
1327,7.7,2.7,8.5,4.9,0.2,2.68,Moderate,Q1_lowest
1328,9.8,2.6,6.5,0.6,4.5,3.62,High,Q4_highest
1329,9.2,1.4,8.3,2.4,2.7,3.47,High,Q4_highest
1330,5.3,1.7,7.7,2.6,6.7,2.54,Low,Q1_lowest
1331,8.7,3.3,8.9,0.1,3.0,3.34,High,Q4_highest
1332,9.7,3.3,9.2,0.5,1.3,3.18,High,Q3
1333,7.1,1.9,5.8,0.2,9.0,3.02,High,Q2
1334,9.6,2.3,8.3,3.5,0.3,3.41,High,Q4_highest
1335,6.7,2.5,5.2,1.1,8.5,3.11,High,Q2
1336,6.8,1.5,7.7,0.0,8.0,3.15,Moderate,Q3
1337,6.2,0.8,6.3,4.8,5.9,2.76,Moderate,Q1_lowest
1338,7.5,3.5,6.2,0.5,6.3,3.0,Moderate,Q2
1339,6.8,3.0,7.8,4.9,1.5,2.99,Moderate,Q2
1340,5.2,3.9,6.9,0.9,7.1,3.28,Low,Q3
1341,8.3,1.1,7.9,3.5,3.2,3.49,High,Q4_highest
1342,6.3,1.8,7.7,4.0,4.2,2.91,Moderate,Q2
1343,8.9,1.6,8.2,0.8,4.5,3.3,High,Q3
1344,8.6,0.1,6.0,2.9,6.4,3.42,High,Q4_highest
1345,9.4,2.1,9.6,1.4,1.5,3.2,High,Q3
1346,9.0,1.0,9.5,4.1,0.4,3.34,High,Q4_highest
1347,9.7,2.1,8.4,3.0,0.8,3.51,High,Q4_highest
1348,5.2,2.0,5.8,1.1,9.9,2.58,High,Q1_lowest
1349,6.8,1.7,8.1,0.4,7.0,2.75,Moderate,Q1_lowest
1350,7.9,2.5,7.8,4.3,1.5,3.19,Moderate,Q3
1351,6.7,3.1,7.2,2.9,4.1,3.24,Moderate,Q3
1352,6.5,0.3,5.5,5.5,6.2,3.28,High,Q3
1353,8.4,0.5,6.8,3.6,4.7,3.34,High,Q4_highest
1354,5.0,0.8,9.8,3.7,4.7,2.69,Low,Q1_lowest
1355,6.3,0.3,5.1,1.5,10.8,2.9,High,Q1_lowest
1356,8.6,3.7,7.0,0.9,3.8,3.48,High,Q4_highest
1357,7.6,3.6,9.0,0.3,3.5,3.27,Moderate,Q3
1358,9.5,0.5,7.7,5.3,1.0,3.78,High,Q4_highest
1359,7.1,1.9,5.4,1.7,7.9,3.14,High,Q3
1360,6.4,1.8,8.4,1.0,6.4,2.93,Moderate,Q2
1361,7.4,3.0,9.3,2.7,1.6,2.95,Moderate,Q2
1362,9.7,0.5,8.9,1.3,3.6,3.53,High,Q4_highest
1363,9.7,2.9,8.8,0.6,2.0,3.87,High,Q4_highest
1364,8.8,0.4,9.8,4.5,0.5,3.12,High,Q3
1365,6.4,3.3,7.6,2.8,3.9,3.11,Moderate,Q2
1366,8.6,1.6,8.1,4.0,1.7,2.94,High,Q2
1367,8.6,0.2,9.3,2.7,3.2,3.11,High,Q2
1368,7.4,3.5,6.9,4.5,1.7,2.95,Moderate,Q2
1369,5.5,1.9,10.0,4.6,2.0,2.83,Low,Q1_lowest
1370,6.2,1.6,8.9,4.6,2.7,2.63,Moderate,Q1_lowest
1371,6.1,3.7,8.0,2.3,3.9,3.41,Moderate,Q4_highest
1372,7.8,1.9,7.5,1.1,5.7,3.18,Moderate,Q3
1373,9.1,2.2,5.7,4.6,2.4,3.17,High,Q3
1374,7.6,0.5,9.7,1.1,5.1,3.07,Moderate,Q2
1375,6.3,1.6,6.9,4.8,4.4,2.69,Moderate,Q1_lowest
1376,6.3,2.0,5.7,3.7,6.3,2.91,High,Q2
1377,7.8,2.9,9.7,3.3,0.3,3.09,Moderate,Q2
1378,9.5,3.9,9.3,0.1,1.2,3.28,High,Q3
1379,9.7,1.7,5.0,2.7,4.9,3.47,High,Q4_highest
1380,6.7,1.9,8.1,5.2,2.1,2.88,Moderate,Q1_lowest
1381,8.3,1.7,9.1,4.4,0.5,3.26,High,Q3
1382,6.4,0.2,8.3,5.2,3.9,2.75,Moderate,Q1_lowest
1383,5.8,3.2,9.3,5.2,0.5,2.96,Low,Q2
1384,6.6,2.2,5.3,0.3,9.6,2.94,High,Q2
1385,8.6,1.8,6.3,1.1,6.2,3.2,High,Q3
1386,7.4,1.4,6.6,5.8,2.8,2.87,Moderate,Q1_lowest
1387,8.2,0.1,7.2,5.3,3.2,3.12,High,Q3
1388,8.8,2.4,7.9,0.3,4.6,3.26,High,Q3
1389,5.7,2.5,6.0,3.0,6.8,2.5,Low,Q1_lowest
1390,9.7,3.4,8.6,0.2,2.1,3.53,High,Q4_highest
1391,5.5,2.0,5.8,5.9,4.8,2.82,High,Q1_lowest
1392,6.8,2.6,5.6,2.6,6.4,2.77,High,Q1_lowest
1393,6.4,3.6,5.2,5.5,3.3,2.86,High,Q1_lowest
1394,8.9,0.1,9.8,2.7,2.5,3.51,High,Q4_highest
1395,6.5,1.5,5.3,5.9,4.8,3.0,High,Q2
1396,7.2,3.8,6.2,3.2,3.6,3.02,Moderate,Q2
1397,7.4,2.8,5.3,1.2,7.3,3.25,High,Q3
1398,5.9,2.3,6.1,5.2,4.5,2.72,Low,Q1_lowest
1399,9.7,2.1,6.8,1.3,4.1,3.55,High,Q4_highest
1400,9.7,1.6,8.5,2.1,2.1,3.87,High,Q4_highest
1401,7.6,1.1,7.3,2.8,5.2,3.2,Moderate,Q3
1402,6.6,0.2,7.5,3.3,6.4,3.02,Moderate,Q2
1403,5.8,3.0,9.9,5.0,0.3,2.93,Low,Q2
1404,8.5,1.8,7.7,5.1,0.9,3.23,High,Q3
1405,7.4,1.5,7.5,3.5,4.1,3.33,Moderate,Q3
1406,5.5,2.4,5.6,0.5,10.0,3.11,High,Q2
1407,7.6,1.6,7.9,0.5,6.4,2.89,Moderate,Q1_lowest
1408,9.9,2.2,8.4,1.1,2.4,3.43,High,Q4_highest
1409,5.5,3.9,6.4,2.5,5.7,2.8,Low,Q1_lowest
1410,9.1,2.1,6.4,0.4,6.0,3.37,High,Q4_highest
1411,5.8,3.6,8.4,1.5,4.7,2.91,Low,Q2
1412,7.9,1.6,6.8,1.3,6.4,3.1,Moderate,Q2
1413,8.3,3.9,5.9,3.5,2.4,2.95,High,Q2
1414,6.3,3.3,7.4,3.3,3.7,2.52,Moderate,Q1_lowest
1415,6.5,0.7,5.4,4.3,7.1,3.1,High,Q2
1416,7.0,1.7,7.3,2.2,5.8,2.85,Moderate,Q1_lowest
1417,5.5,1.2,8.3,4.0,5.0,2.76,Low,Q1_lowest
1418,6.0,0.8,5.1,5.4,6.7,2.54,High,Q1_lowest
1419,6.1,0.9,6.4,0.8,9.8,2.79,Moderate,Q1_lowest
1420,5.7,2.6,6.7,4.2,4.8,2.9,Low,Q1_lowest
1421,7.8,1.0,8.3,0.7,6.2,2.69,Moderate,Q1_lowest
1422,6.3,2.4,9.4,5.9,0.0,3.22,Moderate,Q3
1423,8.0,1.6,6.1,1.5,6.8,2.75,Moderate,Q1_lowest
1424,9.6,1.5,6.9,2.3,3.7,3.37,High,Q4_highest
1425,9.2,2.6,8.1,1.4,2.7,3.39,High,Q4_highest
1426,7.0,2.0,8.3,0.1,6.6,3.27,Moderate,Q3
1427,9.4,1.8,6.7,0.8,5.3,3.37,High,Q4_highest
1428,7.0,2.7,7.1,5.8,1.4,2.47,Moderate,Q1_lowest
1429,8.0,3.2,5.5,2.4,4.9,3.36,High,Q4_highest
1430,9.3,0.3,5.4,5.1,3.9,3.02,High,Q2
1431,6.1,2.7,7.7,5.0,2.5,3.04,Moderate,Q2
1432,7.1,1.3,8.0,5.6,2.0,3.08,Moderate,Q2
1433,9.2,4.0,5.1,0.6,5.1,3.62,High,Q4_highest
1434,6.4,1.0,8.9,0.3,7.4,3.04,Moderate,Q2
1435,6.8,2.0,7.8,4.4,3.0,3.27,Moderate,Q3
1436,7.9,2.2,8.2,1.5,4.2,2.87,Moderate,Q1_lowest
1437,5.4,0.5,6.1,3.0,9.0,2.91,Low,Q2
1438,8.9,1.4,7.0,2.4,4.3,3.5,High,Q4_highest
1439,6.0,0.2,8.0,5.9,3.9,2.76,Moderate,Q1_lowest
1440,9.1,2.8,9.7,1.0,1.4,3.53,High,Q4_highest
1441,8.3,1.9,8.2,2.5,3.1,3.25,High,Q3
1442,7.6,3.2,8.7,3.0,1.5,2.86,Moderate,Q1_lowest
1443,5.6,2.9,7.5,5.4,2.6,2.98,Low,Q2
1444,5.7,3.0,5.0,1.0,9.3,2.42,High,Q1_lowest
1445,7.9,2.9,9.6,2.5,1.1,2.99,Moderate,Q2
1446,5.0,0.5,7.7,4.1,6.7,3.07,Low,Q2
1447,7.1,2.9,7.6,0.4,6.0,3.15,Moderate,Q3
1448,8.6,3.6,5.6,5.9,0.3,3.21,High,Q3
1449,6.0,0.0,10.0,1.7,6.3,2.7,Moderate,Q1_lowest
1450,7.9,3.6,6.6,4.0,1.9,3.29,Moderate,Q3
1451,5.9,2.5,6.7,1.3,7.6,2.7,Low,Q1_lowest
1452,9.5,1.6,6.2,2.7,4.0,3.32,High,Q3
1453,6.6,3.0,9.9,2.0,2.5,3.03,Moderate,Q2
1454,5.8,2.8,7.6,3.9,3.9,3.09,Low,Q2
1455,9.4,1.8,9.5,2.5,0.8,3.91,High,Q4_highest
1456,6.6,3.9,8.3,0.2,5.0,2.93,Moderate,Q2
1457,6.6,2.5,5.3,0.1,9.5,2.6,High,Q1_lowest
1458,7.2,1.1,5.8,4.1,5.8,2.96,High,Q2
1459,7.6,0.8,6.6,3.6,5.4,3.3,Moderate,Q3
1460,8.6,2.7,7.4,3.4,1.9,3.45,High,Q4_highest
1461,5.2,2.5,8.9,3.0,4.4,2.51,Low,Q1_lowest
1462,8.2,2.8,9.4,1.2,2.4,3.06,High,Q2
1463,8.8,2.2,9.4,1.9,1.7,3.85,High,Q4_highest
1464,8.7,3.9,5.4,0.3,5.7,3.42,High,Q4_highest
1465,9.7,2.1,8.1,2.0,2.1,3.49,High,Q4_highest
1466,8.7,1.2,6.5,5.0,2.6,3.25,High,Q3
1467,5.4,3.5,6.3,3.6,5.2,2.85,Low,Q1_lowest
1468,7.1,2.8,6.7,1.7,5.7,3.16,Moderate,Q3
1469,10.0,3.0,8.2,1.0,1.8,3.81,High,Q4_highest
1470,7.7,3.4,5.2,2.2,5.5,3.22,High,Q3
1471,6.2,1.8,5.4,5.7,4.9,2.98,High,Q2
1472,7.8,3.7,5.0,4.5,3.0,3.16,High,Q3
1473,9.5,0.6,5.5,2.5,5.9,3.44,High,Q4_highest
1474,7.6,0.6,5.0,4.9,5.9,3.29,High,Q3
1475,5.4,2.5,9.6,1.3,5.2,2.69,Low,Q1_lowest
1476,8.0,0.7,8.7,1.8,4.8,3.25,Moderate,Q3
1477,7.3,2.4,5.9,4.4,4.0,3.3,High,Q3
1478,5.8,2.8,5.6,2.6,7.2,2.62,High,Q1_lowest
1479,6.2,3.0,6.3,5.3,3.2,2.91,Moderate,Q2
1480,8.1,0.4,7.0,4.3,4.2,3.24,High,Q3
1481,8.3,2.5,6.4,2.3,4.5,3.31,High,Q3
1482,7.5,2.8,6.2,1.9,5.6,3.02,Moderate,Q2
1483,6.7,0.1,6.7,4.8,5.7,3.01,Moderate,Q2
1484,7.3,0.1,9.4,0.1,7.1,3.29,Moderate,Q3
1485,9.7,2.0,6.7,5.2,0.4,3.47,High,Q4_highest
1486,7.7,0.9,7.1,3.9,4.4,3.08,Moderate,Q2
1487,8.6,0.0,9.7,0.9,4.8,3.14,High,Q3
1488,5.2,0.5,9.9,1.9,6.5,2.61,Low,Q1_lowest
1489,5.6,0.4,8.6,5.1,4.3,2.81,Low,Q1_lowest
1490,6.1,2.1,6.3,5.6,3.9,2.73,Moderate,Q1_lowest
1491,9.5,2.3,6.8,2.1,3.3,3.74,High,Q4_highest
1492,7.3,3.4,9.7,1.2,2.4,2.97,Moderate,Q2
1493,7.8,0.4,6.0,2.5,7.3,3.24,Moderate,Q3
1494,5.8,1.8,8.0,4.2,4.2,2.82,Low,Q1_lowest
1495,6.9,3.5,7.8,2.5,3.3,3.02,Moderate,Q2
1496,9.1,2.5,9.2,1.6,1.6,3.22,High,Q3
1497,5.6,0.1,6.5,4.2,7.6,2.71,Low,Q1_lowest
1498,7.5,1.7,7.1,1.4,6.3,3.32,Moderate,Q3
1499,5.7,0.8,5.3,1.2,11.0,2.74,High,Q1_lowest
1500,6.8,0.0,9.2,0.2,7.8,2.8,Moderate,Q1_lowest
1501,9.7,3.6,7.7,1.6,1.4,3.22,High,Q3
1502,8.2,0.2,5.3,2.7,7.6,3.55,High,Q4_highest
1503,7.7,3.6,5.5,4.9,2.3,3.06,High,Q2
1504,6.6,1.6,5.8,3.0,7.0,2.73,High,Q1_lowest
1505,9.0,1.8,7.5,4.8,0.9,3.33,High,Q3
1506,6.3,3.5,7.9,1.3,5.0,3.32,Moderate,Q3
1507,6.3,3.2,5.2,6.0,3.3,3.0,High,Q2
1508,7.0,2.0,9.4,2.3,3.3,2.98,Moderate,Q2
1509,7.7,0.2,5.0,1.5,9.6,3.0,High,Q2
1510,5.6,1.6,8.2,4.3,4.3,2.91,Low,Q2
1511,5.9,0.3,9.7,1.6,6.5,2.76,Low,Q1_lowest
1512,9.1,3.1,8.0,1.3,2.5,3.46,High,Q4_highest
1513,6.3,0.5,7.5,3.5,6.2,2.87,Moderate,Q1_lowest
1514,6.8,2.6,9.5,0.8,4.3,2.58,Moderate,Q1_lowest
1515,6.9,0.6,8.1,4.4,4.0,3.0,Moderate,Q2
1516,9.8,0.3,8.0,0.3,5.6,3.53,High,Q4_highest
1517,9.5,2.1,8.3,3.4,0.7,3.35,High,Q4_highest
1518,5.6,1.9,8.0,0.2,8.3,2.99,Low,Q2
1519,6.4,0.1,7.1,5.4,5.0,2.72,Moderate,Q1_lowest
1520,9.6,3.0,8.7,1.9,0.8,3.45,High,Q4_highest
1521,6.0,0.8,8.4,1.3,7.5,3.19,Moderate,Q3
1522,8.9,1.8,9.0,3.6,0.7,3.27,High,Q3
1523,8.3,0.9,6.4,1.9,6.5,3.18,High,Q3
1524,6.0,1.8,9.5,0.6,6.1,2.78,Moderate,Q1_lowest
1525,8.6,2.7,5.5,5.5,1.7,2.9,High,Q1_lowest
1526,8.8,1.0,8.5,0.2,5.5,3.52,High,Q4_highest
1527,9.2,1.8,8.2,1.1,3.7,3.6,High,Q4_highest
1528,7.4,2.5,7.3,5.4,1.4,3.25,Moderate,Q3
1529,7.5,3.4,9.0,1.7,2.4,3.03,Moderate,Q2
1530,9.1,0.9,7.6,4.8,1.6,3.08,High,Q2
1531,6.8,2.6,6.2,0.7,7.7,3.0,Moderate,Q2
1532,6.4,3.4,6.7,5.8,1.7,2.98,Moderate,Q2
1533,9.9,1.1,5.2,4.2,3.6,3.3,High,Q3
1534,8.5,0.1,9.4,0.8,5.2,3.25,High,Q3
1535,5.6,0.7,9.8,4.2,3.7,2.75,Low,Q1_lowest
1536,6.7,0.9,7.4,3.3,5.7,3.26,Moderate,Q3
1537,8.2,1.0,9.7,0.9,4.2,2.81,High,Q1_lowest
1538,7.2,2.3,7.2,2.5,4.8,3.03,Moderate,Q2
1539,8.7,2.7,9.2,0.8,2.6,3.58,High,Q4_highest
1540,6.8,1.9,6.6,0.9,7.8,3.38,Moderate,Q4_highest
1541,6.1,0.4,8.4,4.0,5.1,2.88,Moderate,Q1_lowest
1542,7.9,3.9,7.7,4.1,0.4,3.4,Moderate,Q4_highest
1543,5.4,0.8,7.2,3.5,7.1,2.71,Low,Q1_lowest
1544,9.0,2.4,6.0,3.0,3.6,3.32,High,Q3
1545,8.7,3.1,7.5,1.4,3.3,2.99,High,Q2
1546,8.7,1.0,5.9,3.2,5.2,3.17,High,Q3
1547,6.4,2.5,5.6,3.9,5.6,2.89,High,Q1_lowest
1548,8.9,2.4,9.9,1.0,1.8,3.44,High,Q4_highest
1549,8.4,0.3,7.0,5.8,2.5,2.9,High,Q1_lowest
1550,5.6,2.8,8.2,2.2,5.2,2.91,Low,Q2
1551,9.8,0.1,6.5,5.5,2.1,3.24,High,Q3
1552,7.7,3.3,5.5,5.7,1.8,2.99,High,Q2
1553,9.0,0.7,8.6,2.2,3.5,3.62,High,Q4_highest
1554,9.8,0.5,7.1,2.9,3.7,3.38,High,Q4_highest
1555,6.9,1.5,5.3,4.1,6.2,2.77,High,Q1_lowest
1556,9.1,3.2,7.4,1.3,3.0,3.31,High,Q3
1557,8.2,1.2,6.2,4.4,4.0,3.08,High,Q2
1558,6.2,3.7,7.6,2.2,4.3,2.84,Moderate,Q1_lowest
1559,9.4,1.6,6.7,1.2,5.1,3.11,High,Q2
1560,8.4,1.2,7.9,0.4,6.1,3.06,High,Q2
1561,6.0,1.6,9.7,2.3,4.4,2.66,Moderate,Q1_lowest
1562,5.6,0.2,6.5,0.9,10.8,3.0,Low,Q2
1563,5.9,3.0,5.1,3.3,6.7,2.91,High,Q2
1564,7.8,1.3,6.5,4.4,4.0,2.69,Moderate,Q1_lowest
1565,9.4,0.8,5.5,5.4,2.9,3.55,High,Q4_highest
1566,6.8,0.5,7.9,3.2,5.6,2.61,Moderate,Q1_lowest
1567,6.0,1.8,9.0,3.5,3.7,2.92,Moderate,Q2
1568,8.5,3.2,8.1,0.6,3.6,3.09,High,Q2
1569,8.6,2.7,5.1,2.5,5.1,3.54,High,Q4_highest
1570,6.1,2.4,9.6,4.7,1.2,2.67,Moderate,Q1_lowest
1571,9.6,3.9,5.1,3.4,2.0,3.65,High,Q4_highest
1572,6.3,3.9,8.1,4.5,1.2,2.89,Moderate,Q1_lowest
1573,5.4,0.7,8.8,0.1,9.0,2.57,Low,Q1_lowest
1574,8.1,2.8,6.7,0.6,5.8,3.5,High,Q4_highest
1575,5.3,2.4,7.6,4.5,4.2,2.25,Low,Q1_lowest
1576,7.0,0.1,6.7,5.9,4.3,3.12,Moderate,Q3
1577,9.4,1.3,7.9,4.6,0.8,3.34,High,Q4_highest
1578,5.4,2.0,9.8,4.2,2.6,2.8,Low,Q1_lowest
1579,5.4,0.8,8.9,5.0,3.9,3.12,Low,Q3
1580,5.1,3.3,8.9,1.6,5.1,3.02,Low,Q2
1581,8.5,0.9,5.2,1.2,8.2,3.17,High,Q3
1582,7.1,2.0,7.4,1.6,5.9,2.86,Moderate,Q1_lowest
1583,5.1,2.4,7.0,1.8,7.7,2.84,Low,Q1_lowest
1584,9.3,2.0,5.7,4.2,2.8,3.51,High,Q4_highest
1585,6.0,1.8,5.3,5.0,5.9,2.88,High,Q1_lowest
1586,8.7,2.5,9.0,1.6,2.2,3.53,High,Q4_highest
1587,8.9,1.8,9.7,1.8,1.8,3.63,High,Q4_highest
1588,9.1,2.2,5.9,2.8,4.0,3.33,High,Q3
1589,9.8,3.0,9.1,0.1,2.0,3.9,High,Q4_highest
1590,9.2,0.2,9.3,2.9,2.4,3.29,High,Q3
1591,6.0,1.3,6.4,3.2,7.1,2.84,Moderate,Q1_lowest
1592,6.2,1.8,7.6,4.6,3.8,2.98,Moderate,Q2
1593,7.2,3.2,8.1,0.6,4.9,3.04,Moderate,Q2
1594,7.0,3.0,7.9,2.3,3.8,2.81,Moderate,Q1_lowest
1595,5.9,0.9,7.9,2.5,6.8,2.63,Low,Q1_lowest
1596,8.3,3.4,6.3,2.9,3.1,3.26,High,Q3
1597,9.9,1.3,8.0,0.4,4.4,3.33,High,Q3
1598,9.8,2.9,8.9,1.7,0.7,3.51,High,Q4_highest
1599,7.9,1.8,9.3,4.8,0.2,3.34,Moderate,Q4_highest
1600,7.9,2.2,7.3,1.3,5.3,3.18,Moderate,Q3
1601,5.0,1.0,7.5,2.3,8.2,2.82,Low,Q1_lowest
1602,6.8,1.8,5.7,0.3,9.4,3.01,High,Q2
1603,8.9,2.3,8.8,0.6,3.4,3.02,High,Q2
1604,6.1,0.0,5.7,1.9,10.3,3.01,High,Q2
1605,5.6,3.9,6.5,0.8,7.2,2.92,Low,Q2
1606,5.3,3.4,9.8,1.4,4.1,2.53,Low,Q1_lowest
1607,7.3,0.1,8.2,2.5,5.9,2.92,Moderate,Q2
1608,8.3,1.7,5.9,4.1,4.0,3.11,High,Q2
1609,7.8,3.4,5.6,4.7,2.5,3.02,High,Q2
1610,8.5,1.8,9.7,0.6,3.4,3.34,High,Q4_highest
1611,8.2,1.5,9.8,1.5,3.0,3.4,High,Q4_highest
1612,10.0,1.0,7.2,3.0,2.8,3.37,High,Q4_highest
1613,6.5,0.1,6.1,1.7,9.6,2.72,Moderate,Q1_lowest
1614,9.4,2.8,5.4,3.9,2.5,3.37,High,Q4_highest
1615,8.3,3.8,5.0,1.5,5.4,3.43,High,Q4_highest
1616,5.5,2.1,6.2,1.1,9.1,2.98,Low,Q2
1617,9.1,0.5,7.3,5.6,1.5,3.37,High,Q4_highest
1618,5.9,1.3,7.1,1.9,7.8,2.91,Low,Q2
1619,6.4,3.9,5.8,4.4,3.5,2.91,High,Q2
1620,5.9,2.6,8.6,4.1,2.8,2.98,Low,Q2
1621,6.6,1.0,9.8,5.5,1.1,3.23,Moderate,Q3
1622,7.3,1.7,5.8,2.6,6.6,3.07,High,Q2
1623,7.7,0.1,7.2,4.7,4.3,3.37,Moderate,Q4_highest
1624,9.5,0.1,7.8,4.7,1.9,3.71,High,Q4_highest
1625,7.7,1.3,5.7,5.3,4.0,3.36,High,Q4_highest
1626,7.9,2.7,9.0,2.9,1.5,3.17,Moderate,Q3
1627,7.0,2.1,9.0,2.2,3.7,2.89,Moderate,Q1_lowest
1628,9.6,0.4,8.2,2.4,3.4,3.4,High,Q4_highest
1629,7.0,2.7,5.3,3.6,5.4,3.17,High,Q3
1630,5.9,3.6,8.3,5.3,0.9,2.99,Low,Q2
1631,7.4,2.2,9.6,4.3,0.5,2.77,Moderate,Q1_lowest
1632,7.0,1.6,6.4,1.6,7.4,2.97,Moderate,Q2
1633,9.3,0.3,8.4,1.0,5.0,3.29,High,Q3
1634,6.3,3.1,9.4,1.2,4.0,2.91,Moderate,Q2
1635,7.3,1.9,9.4,4.1,1.3,3.51,Moderate,Q4_highest
1636,9.2,0.0,7.0,5.4,2.4,3.41,High,Q4_highest
1637,8.7,2.2,7.6,1.9,3.6,3.73,High,Q4_highest
1638,7.1,2.9,9.3,0.7,4.0,3.12,Moderate,Q3
1639,7.3,1.6,8.4,1.5,5.2,3.27,Moderate,Q3
1640,7.1,3.6,10.0,0.4,2.9,3.13,Moderate,Q3
1641,6.2,3.8,9.8,0.4,3.8,3.17,Moderate,Q3
1642,5.1,2.4,6.4,5.2,4.9,2.77,Low,Q1_lowest
1643,6.4,2.7,8.4,1.3,5.2,2.94,Moderate,Q2
1644,6.4,3.2,9.0,2.5,2.9,2.87,Moderate,Q1_lowest
1645,8.0,2.4,9.1,1.9,2.6,3.01,Moderate,Q2
1646,7.7,1.8,7.2,0.5,6.8,2.97,Moderate,Q2
1647,8.6,0.9,6.0,2.5,6.0,3.38,High,Q4_highest
1648,6.9,1.8,7.7,1.2,6.4,2.75,Moderate,Q1_lowest
1649,5.8,3.5,7.2,2.5,5.0,2.87,Low,Q1_lowest
1650,7.8,2.2,8.5,1.0,4.5,3.06,Moderate,Q2
1651,6.3,3.2,9.7,0.7,4.1,2.65,Moderate,Q1_lowest
1652,5.3,1.3,5.7,4.3,7.4,2.79,High,Q1_lowest
1653,7.7,0.6,5.0,4.8,5.9,3.23,High,Q3
1654,6.7,2.3,6.6,0.5,7.9,2.77,Moderate,Q1_lowest
1655,6.1,0.8,7.1,3.9,6.1,3.4,Moderate,Q4_highest
1656,9.8,2.4,7.4,2.5,1.9,3.56,High,Q4_highest
1657,9.6,3.3,6.6,1.1,3.4,3.45,High,Q4_highest
1658,8.7,2.0,5.3,4.3,3.7,2.96,High,Q2
1659,9.0,1.2,8.3,2.3,3.2,3.74,High,Q4_highest
1660,9.4,2.0,6.6,4.5,1.5,3.46,High,Q4_highest
1661,6.1,1.6,9.3,4.3,2.7,2.65,Moderate,Q1_lowest
1662,6.8,1.1,5.9,4.5,5.7,2.93,High,Q2
1663,6.3,1.8,6.9,5.9,3.1,2.8,Moderate,Q1_lowest
1664,5.4,2.4,8.0,2.5,5.7,2.77,Low,Q1_lowest
1665,7.2,0.2,7.6,3.0,6.0,2.83,Moderate,Q1_lowest
1666,6.3,0.7,9.8,5.1,2.1,3.03,Moderate,Q2
1667,6.2,1.3,6.0,3.0,7.5,3.12,Moderate,Q3
1668,5.8,3.2,9.0,0.8,5.2,2.88,Low,Q1_lowest
1669,7.0,0.7,6.3,1.6,8.4,2.63,Moderate,Q1_lowest
1670,9.7,0.5,9.9,0.9,3.0,3.72,High,Q4_highest
1671,8.9,1.4,5.7,5.1,2.9,3.55,High,Q4_highest
1672,7.8,1.9,7.5,4.4,2.4,2.91,Moderate,Q2
1673,5.4,2.7,9.5,0.3,6.1,2.9,Low,Q1_lowest
1674,7.2,1.6,5.7,3.0,6.5,2.94,High,Q2
1675,5.6,1.9,8.8,1.5,6.2,2.89,Low,Q1_lowest
1676,8.4,3.4,7.1,3.9,1.2,3.26,High,Q3
1677,5.2,0.5,6.0,2.4,9.9,2.69,Low,Q1_lowest
1678,8.3,2.8,7.9,1.8,3.2,3.44,High,Q4_highest
1679,7.9,1.4,5.4,6.0,3.3,3.11,High,Q2
1680,8.3,1.3,7.0,1.6,5.8,3.39,High,Q4_highest
1681,6.7,1.6,8.6,3.1,4.0,3.54,Moderate,Q4_highest
1682,9.6,0.2,7.9,5.1,1.2,3.46,High,Q4_highest
1683,6.2,3.5,5.1,4.4,4.8,2.97,High,Q2
1684,7.2,0.2,9.6,2.8,4.2,3.19,Moderate,Q3
1685,5.1,2.8,7.4,0.7,8.0,3.15,Low,Q3
1686,7.5,3.3,9.3,2.4,1.5,3.36,Moderate,Q4_highest
1687,5.1,2.8,7.1,3.4,5.6,2.5,Low,Q1_lowest
1688,9.6,0.5,8.4,0.0,5.5,3.7,High,Q4_highest
1689,9.6,0.5,5.5,2.0,6.4,3.19,High,Q3
1690,7.9,1.8,5.2,1.9,7.2,3.07,High,Q2
1691,9.1,2.8,8.6,2.4,1.1,3.24,High,Q3
1692,6.4,3.3,9.9,2.2,2.2,2.9,Moderate,Q1_lowest
1693,5.0,0.6,6.6,3.5,8.3,2.89,Low,Q1_lowest
1694,8.9,3.0,8.0,2.6,1.5,3.29,High,Q3
1695,8.2,2.5,7.8,5.4,0.1,3.4,High,Q4_highest
1696,9.4,0.9,5.4,2.9,5.4,3.56,High,Q4_highest
1697,7.6,3.3,7.2,3.4,2.5,3.03,Moderate,Q2
1698,8.1,3.3,5.8,3.6,3.2,3.22,High,Q3
1699,8.0,0.7,5.6,5.9,3.8,2.93,High,Q2
1700,5.9,2.7,8.0,3.9,3.5,2.78,Low,Q1_lowest
1701,5.4,3.6,6.9,1.9,6.2,2.35,Low,Q1_lowest
1702,9.3,3.7,6.5,3.9,0.6,3.24,High,Q3
1703,8.9,3.7,6.2,3.0,2.2,3.49,High,Q4_highest
1704,5.0,2.3,6.7,1.9,8.1,2.64,Low,Q1_lowest
1705,8.2,3.4,8.0,3.8,0.6,3.26,High,Q3
1706,7.3,0.0,7.8,4.0,4.9,2.75,Moderate,Q1_lowest
1707,8.0,2.9,7.9,0.3,4.9,3.25,Moderate,Q3
1708,6.4,0.3,7.1,3.3,6.9,2.77,Moderate,Q1_lowest
1709,6.6,2.9,8.2,2.0,4.3,3.14,Moderate,Q3
1710,8.2,2.2,5.1,4.2,4.3,3.48,High,Q4_highest
1711,6.9,3.8,9.1,2.5,1.7,2.88,Moderate,Q1_lowest
1712,6.7,1.9,6.5,3.1,5.8,2.87,Moderate,Q1_lowest
1713,5.8,3.9,5.5,5.6,3.2,2.88,High,Q1_lowest
1714,8.6,1.7,8.2,1.9,3.6,3.46,High,Q4_highest
1715,6.5,2.3,7.5,3.5,4.2,2.8,Moderate,Q1_lowest
1716,5.4,0.2,6.3,0.4,11.7,2.53,Low,Q1_lowest
1717,5.5,3.3,5.2,4.0,6.0,2.95,High,Q2
1718,7.4,1.2,7.6,2.3,5.5,3.03,Moderate,Q2
1719,7.8,0.5,10.0,2.4,3.3,3.43,Moderate,Q4_highest
1720,6.8,3.3,7.3,4.3,2.3,2.83,Moderate,Q1_lowest
1721,5.5,3.4,8.7,1.3,5.1,2.74,Low,Q1_lowest
1722,9.9,1.0,7.3,0.2,5.6,3.32,High,Q3
1723,7.0,2.3,9.8,2.5,2.4,3.09,Moderate,Q2
1724,5.2,1.3,7.9,5.7,3.9,3.04,Low,Q2
1725,9.3,0.9,6.1,1.2,6.5,3.29,High,Q3
1726,7.5,1.9,6.3,3.0,5.3,3.4,Moderate,Q4_highest
1727,5.2,0.5,9.4,4.5,4.4,2.9,Low,Q1_lowest
1728,6.8,3.0,8.9,4.0,1.3,2.49,Moderate,Q1_lowest
1729,8.6,0.8,6.7,2.8,5.1,3.52,High,Q4_highest
1730,6.6,0.6,7.0,5.9,3.9,2.83,Moderate,Q1_lowest
1731,6.1,2.4,7.2,0.4,7.9,3.29,Moderate,Q3
1732,7.6,3.5,6.4,0.5,6.0,3.12,Moderate,Q3
1733,9.7,1.5,7.9,3.9,1.0,3.69,High,Q4_highest
1734,5.7,1.2,5.7,4.9,6.5,2.66,High,Q1_lowest
1735,6.1,2.9,9.7,2.8,2.5,2.5,Moderate,Q1_lowest
1736,6.6,1.9,8.0,5.9,1.6,3.41,Moderate,Q4_highest
1737,9.7,3.4,9.4,0.7,0.8,3.6,High,Q4_highest
1738,7.0,3.8,7.1,3.6,2.5,3.11,Moderate,Q2
1739,8.5,3.8,6.2,4.1,1.4,2.93,High,Q2
1740,8.9,2.2,8.3,1.5,3.1,3.37,High,Q4_highest
1741,7.4,2.5,7.0,1.2,5.9,3.11,Moderate,Q2
1742,8.7,1.6,6.8,2.4,4.5,3.42,High,Q4_highest
1743,7.0,2.2,7.7,3.0,4.1,3.05,Moderate,Q2
1744,5.8,0.5,9.7,3.6,4.4,2.65,Low,Q1_lowest
1745,8.3,1.6,9.5,2.9,1.7,3.12,High,Q3
1746,9.8,3.3,9.3,0.3,1.3,3.73,High,Q4_highest
1747,6.4,1.1,6.4,5.1,5.0,2.79,Moderate,Q1_lowest
1748,6.2,3.2,7.8,0.0,6.8,2.8,Moderate,Q1_lowest
1749,7.1,1.6,5.6,4.1,5.6,3.28,High,Q3
1750,8.6,0.0,9.8,4.6,1.0,3.48,High,Q4_highest
1751,9.5,0.1,9.7,3.8,0.9,3.57,High,Q4_highest
1752,9.7,1.8,8.0,2.1,2.4,3.82,High,Q4_highest
1753,9.7,0.3,7.5,4.1,2.4,3.53,High,Q4_highest
1754,9.5,3.8,5.3,2.2,3.2,3.7,High,Q4_highest
1755,5.1,1.3,7.7,5.5,4.4,2.8,Low,Q1_lowest
1756,7.7,1.1,9.5,5.3,0.4,2.99,Moderate,Q2
1757,7.0,3.6,6.9,4.4,2.1,2.84,Moderate,Q1_lowest
1758,9.6,1.8,8.7,1.4,2.5,3.43,High,Q4_highest
1759,5.1,0.4,7.5,4.1,6.9,3.01,Low,Q2
1760,8.5,2.8,7.5,4.8,0.4,3.06,High,Q2
1761,7.4,1.8,6.0,1.8,7.0,3.13,Moderate,Q3
1762,6.2,1.2,8.9,2.0,5.7,2.85,Moderate,Q1_lowest
1763,6.2,0.7,8.9,0.8,7.4,3.02,Moderate,Q2
1764,8.4,2.5,9.1,0.2,3.8,2.65,High,Q1_lowest
1765,6.5,1.1,5.7,1.7,9.0,3.02,High,Q2
1766,8.3,1.5,8.6,1.9,3.7,2.86,High,Q1_lowest
1767,6.5,2.2,5.1,0.5,9.7,3.1,High,Q2
1768,8.6,0.4,9.2,4.2,1.6,3.27,High,Q3
1769,8.1,3.3,7.0,1.2,4.4,3.8,High,Q4_highest
1770,7.7,2.3,9.7,3.9,0.4,3.3,Moderate,Q3
1771,9.4,3.2,9.7,0.2,1.5,3.4,High,Q4_highest
1772,9.2,2.0,8.7,0.6,3.5,3.03,High,Q2
1773,6.3,2.9,5.8,2.1,6.9,2.78,High,Q1_lowest
1774,8.5,1.5,7.8,0.6,5.6,3.02,High,Q2
1775,9.0,1.5,8.2,3.8,1.5,3.41,High,Q4_highest
1776,8.1,1.7,5.9,5.7,2.6,3.17,High,Q3
1777,8.8,0.8,6.7,4.9,2.8,3.53,High,Q4_highest
1778,7.2,2.9,6.9,1.3,5.7,3.23,Moderate,Q3
1779,8.2,3.9,6.6,2.4,2.9,3.32,High,Q3
1780,9.2,3.0,5.3,6.0,0.5,3.77,High,Q4_highest
1781,8.8,3.5,8.3,2.9,0.5,3.26,High,Q3
1782,9.4,0.8,5.4,4.7,3.7,3.25,High,Q3
1783,9.2,0.7,9.3,3.3,1.5,3.64,High,Q4_highest
1784,7.1,0.8,6.4,3.0,6.7,3.08,Moderate,Q2
1785,7.7,3.2,9.0,2.4,1.7,3.03,Moderate,Q2
1786,5.3,3.5,5.4,1.5,8.3,2.91,High,Q2
1787,8.5,1.6,9.4,1.3,3.2,2.9,High,Q1_lowest
1788,7.7,3.5,9.6,0.9,2.3,3.39,Moderate,Q4_highest
1789,7.3,2.2,9.7,4.8,0.0,3.25,Moderate,Q3
1790,6.9,0.0,5.0,2.8,9.3,2.85,High,Q1_lowest
1791,7.4,0.1,8.4,1.8,6.3,2.75,Moderate,Q1_lowest
1792,5.8,1.6,6.2,3.2,7.2,2.98,Low,Q2
1793,6.0,2.0,5.8,4.0,6.2,2.81,High,Q1_lowest
1794,7.3,0.3,8.0,1.6,6.8,3.15,Moderate,Q3
1795,7.6,2.1,9.6,2.6,2.1,2.78,Moderate,Q1_lowest
1796,9.7,3.1,6.4,4.1,0.7,3.76,High,Q4_highest
1797,7.2,3.3,9.1,0.8,3.6,2.87,Moderate,Q1_lowest
1798,6.5,1.2,8.6,1.4,6.3,3.18,Moderate,Q3
1799,5.0,2.9,5.9,0.6,9.6,2.63,High,Q1_lowest
1800,7.4,0.2,9.9,4.3,2.2,2.84,Moderate,Q1_lowest
1801,6.6,1.3,7.2,3.8,5.1,2.93,Moderate,Q2
1802,9.3,1.0,6.9,5.2,1.6,3.32,High,Q3
1803,8.3,1.4,8.4,0.1,5.8,3.23,High,Q3
1804,9.1,3.8,9.6,1.4,0.1,3.71,High,Q4_highest
1805,7.6,1.4,7.3,4.1,3.6,3.09,Moderate,Q2
1806,9.6,3.3,9.9,1.1,0.1,3.5,High,Q4_highest
1807,6.4,0.4,5.6,1.7,9.9,3.21,High,Q3
1808,9.5,2.5,5.0,1.1,5.9,3.52,High,Q4_highest
1809,5.5,1.5,7.5,0.3,9.2,2.61,Low,Q1_lowest
1810,8.2,1.9,7.5,2.6,3.8,3.13,High,Q3
1811,9.8,0.9,7.6,4.2,1.5,3.62,High,Q4_highest
1812,6.9,1.9,5.4,3.7,6.1,3.05,High,Q2
1813,6.4,0.6,7.7,3.2,6.1,3.0,Moderate,Q2
1814,8.1,0.8,7.3,4.3,3.5,3.12,High,Q3
1815,7.6,1.6,6.6,3.7,4.5,3.18,Moderate,Q3
1816,5.4,1.8,9.5,0.6,6.7,2.9,Low,Q1_lowest
1817,9.9,3.8,5.4,4.6,0.3,3.69,High,Q4_highest
1818,7.1,1.8,8.2,4.6,2.3,2.98,Moderate,Q2
1819,5.2,2.4,5.9,2.1,8.4,2.69,High,Q1_lowest
1820,6.7,0.4,5.7,0.2,11.0,2.58,High,Q1_lowest
1821,7.4,3.8,5.6,5.7,1.5,3.27,High,Q3
1822,8.2,3.3,5.5,3.0,4.0,3.5,High,Q4_highest
1823,8.5,2.3,9.2,0.3,3.7,3.34,High,Q4_highest
1824,6.9,1.4,8.1,5.3,2.3,3.42,Moderate,Q4_highest
1825,7.5,3.3,7.0,0.6,5.6,2.82,Moderate,Q1_lowest
1826,8.6,3.0,5.3,1.3,5.8,3.06,High,Q2
1827,6.4,2.2,5.7,0.8,8.9,2.89,High,Q1_lowest
1828,6.8,3.2,7.6,0.8,5.6,2.78,Moderate,Q1_lowest
1829,8.7,1.6,6.3,2.3,5.1,2.87,High,Q1_lowest
1830,6.2,1.6,5.1,4.6,6.5,2.92,High,Q2
1831,5.9,0.2,8.3,4.6,5.0,2.88,Low,Q1_lowest
1832,6.0,2.9,8.5,1.5,5.1,3.17,Moderate,Q3
1833,9.5,0.4,9.9,3.6,0.6,3.5,High,Q4_highest
1834,8.6,0.8,7.2,0.4,7.0,3.32,High,Q3
1835,6.9,3.0,6.9,2.0,5.2,3.23,Moderate,Q3
1836,5.2,1.5,5.8,4.2,7.3,2.83,High,Q1_lowest
1837,5.5,2.7,6.4,1.2,8.2,2.75,Low,Q1_lowest
1838,7.4,2.0,6.6,0.8,7.2,3.1,Moderate,Q2
1839,6.9,2.7,8.9,2.9,2.6,2.77,Moderate,Q1_lowest
1840,6.4,0.6,6.2,1.3,9.5,3.04,Moderate,Q2
1841,7.6,2.3,9.7,0.9,3.5,3.36,Moderate,Q4_highest
1842,7.8,1.0,6.3,0.2,8.7,3.27,Moderate,Q3
1843,6.5,3.0,5.2,1.3,8.0,3.17,High,Q3
1844,7.3,2.8,6.9,1.0,6.0,3.24,Moderate,Q3
1845,7.0,2.3,9.7,0.3,4.7,2.64,Moderate,Q1_lowest
1846,7.5,0.1,6.6,4.9,4.9,3.14,Moderate,Q3
1847,7.8,1.8,6.4,1.8,6.2,3.39,Moderate,Q4_highest
1848,9.8,1.8,7.0,4.6,0.8,3.39,High,Q4_highest
1849,7.1,2.2,6.2,4.5,4.0,3.34,Moderate,Q4_highest
1850,8.9,0.9,8.6,4.5,1.1,3.36,High,Q4_highest
1851,6.7,0.7,5.0,2.7,8.9,3.15,High,Q3
1852,5.9,3.4,6.3,1.4,7.0,2.48,Low,Q1_lowest
1853,7.4,2.0,6.1,1.6,6.9,3.22,Moderate,Q3
1854,8.9,1.8,8.6,3.5,1.2,3.17,High,Q3
1855,5.7,3.9,9.1,1.1,4.2,2.81,Low,Q1_lowest
1856,5.7,3.0,7.3,4.7,3.3,2.82,Low,Q1_lowest
1857,8.7,2.4,8.4,0.1,4.4,3.51,High,Q4_highest
1858,5.0,0.1,9.3,4.1,5.5,2.47,Low,Q1_lowest
1859,6.3,2.8,9.0,1.8,4.1,2.79,Moderate,Q1_lowest
1860,7.5,3.1,6.1,1.6,5.7,3.07,Moderate,Q2
1861,6.2,4.0,6.0,3.5,4.3,2.88,Moderate,Q1_lowest
1862,8.2,3.0,9.9,0.5,2.4,3.3,High,Q3
1863,8.8,1.4,5.9,2.5,5.4,3.29,High,Q3
1864,7.7,4.0,7.0,3.3,2.0,3.44,Moderate,Q4_highest
1865,6.8,1.6,8.5,5.6,1.5,3.33,Moderate,Q3
1866,5.4,0.8,7.5,0.1,10.2,2.86,Low,Q1_lowest
1867,6.3,2.1,5.1,1.6,8.9,3.49,High,Q4_highest
1868,9.6,2.6,7.1,4.4,0.3,3.54,High,Q4_highest
1869,8.9,0.8,5.7,4.1,4.5,3.62,High,Q4_highest
1870,8.7,2.5,9.9,1.5,1.4,3.36,High,Q4_highest
1871,5.6,3.3,6.3,4.7,4.1,2.85,Low,Q1_lowest
1872,8.0,1.8,6.8,2.1,5.3,3.23,Moderate,Q3
1873,8.2,3.0,8.4,0.9,3.5,3.52,High,Q4_highest
1874,7.4,2.1,8.9,3.7,1.9,3.1,Moderate,Q2
1875,7.0,3.6,5.8,6.0,1.6,2.99,High,Q2
1876,8.6,3.2,9.3,2.9,0.0,3.38,High,Q4_highest
1877,6.5,2.8,5.6,2.4,6.7,2.9,High,Q1_lowest
1878,8.0,2.0,8.2,5.6,0.2,3.4,Moderate,Q4_highest
1879,5.3,2.3,9.3,2.9,4.2,2.82,Low,Q1_lowest
1880,6.7,0.6,9.2,3.1,4.4,2.85,Moderate,Q1_lowest
1881,9.7,3.2,8.5,0.0,2.6,3.19,High,Q3
1882,9.6,0.7,6.4,3.1,4.2,3.38,High,Q4_highest
1883,6.3,0.8,8.0,0.5,8.4,2.91,Moderate,Q2
1884,8.6,2.2,7.1,3.4,2.7,3.18,High,Q3
1885,6.8,3.7,5.3,4.0,4.2,3.04,High,Q2
1886,5.9,1.2,8.6,0.5,7.8,2.92,Low,Q2
1887,9.1,2.9,8.6,0.3,3.1,3.56,High,Q4_highest
1888,9.2,0.2,5.1,2.2,7.3,3.61,High,Q4_highest
1889,5.7,2.2,9.6,2.3,4.2,2.98,Low,Q2
1890,5.5,2.4,7.3,5.6,3.2,2.77,Low,Q1_lowest
1891,5.6,0.8,5.1,2.6,9.9,2.97,High,Q2
1892,8.0,2.5,7.7,0.5,5.3,3.12,Moderate,Q3
1893,7.2,4.0,9.2,3.2,0.4,2.95,Moderate,Q2
1894,7.4,2.7,9.4,3.4,1.1,3.04,Moderate,Q2
1895,9.7,0.2,5.1,4.0,5.0,3.25,High,Q3
1896,6.7,1.1,7.6,2.6,6.0,2.83,Moderate,Q1_lowest
1897,7.6,2.7,6.9,1.5,5.3,3.05,Moderate,Q2
1898,8.7,3.0,8.3,0.9,3.1,3.1,High,Q2
1899,7.9,2.3,7.4,3.3,3.1,3.75,Moderate,Q4_highest
1900,8.6,0.4,8.7,0.8,5.5,3.22,High,Q3
1901,5.3,3.9,9.8,0.3,4.7,2.53,Low,Q1_lowest
1902,7.4,3.3,9.8,2.2,1.3,3.06,Moderate,Q2
1903,6.8,2.4,6.6,5.5,2.7,3.05,Moderate,Q2
1904,6.6,1.2,5.2,4.9,6.1,3.2,High,Q3
1905,7.3,1.3,7.4,4.9,3.1,2.83,Moderate,Q1_lowest
1906,6.9,1.3,5.9,3.6,6.3,2.94,High,Q2
1907,7.4,3.5,5.2,3.9,4.0,3.26,High,Q3
1908,9.4,2.9,9.6,0.7,1.4,3.57,High,Q4_highest
1909,7.5,0.1,5.0,1.4,10.0,3.07,High,Q2
1910,5.9,0.1,9.5,0.0,8.5,2.79,Low,Q1_lowest
1911,8.7,0.6,9.6,4.6,0.5,3.57,High,Q4_highest
1912,5.0,3.9,9.4,5.1,0.6,2.98,Low,Q2
1913,8.3,1.4,9.5,1.4,3.4,3.06,High,Q2
1914,9.6,0.6,6.1,3.3,4.4,3.47,High,Q4_highest
1915,8.8,2.5,6.2,0.0,6.5,3.29,High,Q3
1916,9.5,1.6,7.6,2.5,2.8,3.7,High,Q4_highest
1917,7.2,3.1,7.6,1.9,4.2,2.79,Moderate,Q1_lowest
1918,5.7,2.6,8.4,4.5,2.8,2.94,Low,Q2
1919,7.5,3.6,9.7,2.6,0.6,2.84,Moderate,Q1_lowest
1920,9.9,1.1,6.0,2.7,4.3,3.68,High,Q4_highest
1921,5.3,3.9,7.9,3.3,3.6,2.79,Low,Q1_lowest
1922,5.2,2.4,8.6,2.5,5.3,3.21,Low,Q3
1923,8.8,0.9,6.1,1.0,7.2,3.53,High,Q4_highest
1924,9.1,1.5,7.9,4.0,1.5,3.29,High,Q3
1925,6.2,0.7,9.9,3.7,3.5,2.73,Moderate,Q1_lowest
1926,6.3,2.0,6.6,1.0,8.1,3.09,Moderate,Q2
1927,6.3,0.1,8.5,3.0,6.1,2.99,Moderate,Q2
1928,5.5,3.0,5.1,1.5,8.9,2.66,High,Q1_lowest
1929,9.5,2.9,5.4,4.9,1.3,3.67,High,Q4_highest
1930,8.0,2.7,10.0,0.8,2.5,3.2,Moderate,Q3
1931,8.1,1.8,5.2,0.1,8.8,3.28,High,Q3
1932,7.8,2.2,5.2,2.8,6.0,3.0,High,Q2
1933,9.6,1.6,8.1,3.7,1.0,3.46,High,Q4_highest
1934,9.3,1.6,9.4,0.9,2.8,3.69,High,Q4_highest
1935,6.4,0.2,9.0,2.5,5.9,2.81,Moderate,Q1_lowest
1936,9.5,3.3,7.8,2.1,1.3,3.28,High,Q3
1937,7.4,1.6,9.6,0.7,4.7,2.75,Moderate,Q1_lowest
1938,7.5,1.8,7.6,0.8,6.3,2.93,Moderate,Q2
1939,7.6,1.0,5.9,0.4,9.1,3.06,High,Q2
1940,8.1,2.9,8.4,2.2,2.4,3.52,High,Q4_highest
1941,6.9,1.5,8.2,3.0,4.4,2.99,Moderate,Q2
1942,8.2,1.2,5.1,5.3,4.2,3.19,High,Q3
1943,6.1,3.7,8.6,4.3,1.3,2.79,Moderate,Q1_lowest
1944,7.6,0.7,6.5,1.9,7.3,3.0,Moderate,Q2
1945,5.8,0.8,8.9,1.0,7.5,2.89,Low,Q1_lowest
1946,9.9,1.3,5.6,3.4,3.8,3.43,High,Q4_highest
1947,9.5,3.1,8.1,1.0,2.3,3.25,High,Q3
1948,8.4,2.9,9.8,0.8,2.1,3.28,High,Q3
1949,5.1,2.2,8.5,4.7,3.5,2.64,Low,Q1_lowest
1950,7.6,1.3,9.3,2.7,3.1,2.98,Moderate,Q2
1951,9.0,2.3,8.9,1.3,2.5,3.24,High,Q3
1952,7.7,0.9,7.4,1.9,6.1,3.31,Moderate,Q3
1953,6.3,3.9,5.8,4.7,3.3,2.73,High,Q1_lowest
1954,5.2,1.6,9.7,0.1,7.4,2.95,Low,Q2
1955,7.9,2.0,9.4,0.4,4.3,3.42,Moderate,Q4_highest
1956,8.3,3.8,9.1,0.1,2.7,3.48,High,Q4_highest
1957,7.4,1.6,6.6,2.7,5.7,2.88,Moderate,Q1_lowest
1958,9.9,0.4,9.6,2.0,2.1,3.09,High,Q2
1959,8.1,3.3,6.8,2.5,3.3,2.86,High,Q1_lowest
1960,9.6,3.3,5.5,0.6,5.0,3.19,High,Q3
1961,7.1,0.4,8.1,0.9,7.5,3.02,Moderate,Q2
1962,6.6,2.7,7.4,5.9,1.4,2.99,Moderate,Q2
1963,9.4,1.4,5.2,5.1,2.9,3.59,High,Q4_highest
1964,9.5,0.9,9.5,1.3,2.8,3.24,High,Q3
1965,9.9,1.1,9.8,0.2,3.0,3.54,High,Q4_highest
1966,7.4,0.9,8.5,1.1,6.1,3.48,Moderate,Q4_highest
1967,7.8,1.0,9.8,0.2,5.2,3.04,Moderate,Q2
1968,7.1,0.9,7.5,5.2,3.3,2.92,Moderate,Q2
1969,8.6,2.3,5.4,4.2,3.5,3.38,High,Q4_highest
1970,6.3,1.7,6.8,5.2,4.0,2.84,Moderate,Q1_lowest
1971,5.6,2.3,5.7,4.2,6.2,2.81,High,Q1_lowest
1972,7.4,3.7,7.6,2.6,2.7,3.29,Moderate,Q3
1973,7.9,2.8,5.5,4.9,2.9,3.03,High,Q2
1974,8.9,1.5,5.5,3.8,4.3,3.31,High,Q3
1975,9.4,3.6,9.8,1.0,0.2,3.32,High,Q3
1976,8.0,2.4,6.8,5.4,1.4,3.42,Moderate,Q4_highest
1977,7.5,1.9,10.0,2.3,2.3,3.14,Moderate,Q3
1978,9.1,3.1,8.9,2.1,0.8,3.1,High,Q2
1979,6.3,3.4,9.5,0.9,3.9,2.97,Moderate,Q2
1980,8.2,2.2,5.3,4.5,3.8,3.43,High,Q4_highest
1981,7.5,2.6,7.5,3.0,3.4,3.02,Moderate,Q2
1982,5.8,0.8,9.9,0.9,6.6,2.71,Low,Q1_lowest
1983,6.3,2.4,8.1,0.9,6.3,3.07,Moderate,Q2
1984,6.2,1.2,9.7,5.0,1.9,3.06,Moderate,Q2
1985,8.5,0.3,7.1,3.4,4.7,3.23,High,Q3
1986,8.0,1.3,8.9,4.9,0.9,2.93,Moderate,Q2
1987,6.6,3.4,5.5,5.0,3.5,2.9,High,Q1_lowest
1988,9.5,1.5,6.4,3.0,3.6,3.86,High,Q4_highest
1989,7.3,1.4,8.5,4.6,2.2,3.28,Moderate,Q3
1990,7.0,2.7,7.4,6.0,0.9,2.85,Moderate,Q1_lowest
1991,8.6,3.8,9.2,2.2,0.2,3.26,High,Q3
1992,6.3,1.5,5.1,3.1,8.0,3.21,High,Q3
1993,7.5,2.1,9.9,4.1,0.4,3.04,Moderate,Q2
1994,7.1,1.4,9.0,3.1,3.4,2.85,Moderate,Q1_lowest
1995,7.9,3.4,9.0,0.5,3.2,3.08,Moderate,Q2
1996,6.5,0.2,7.4,2.1,7.8,3.32,Moderate,Q3
1997,6.3,2.8,8.8,1.5,4.6,2.65,Moderate,Q1_lowest
1998,6.2,0.0,6.2,0.8,10.8,3.14,Moderate,Q3
1999,8.1,0.7,7.6,3.5,4.1,3.04,High,Q2
2000,9.0,1.7,7.3,3.1,2.9,3.58,High,Q4_highest
